outcome,sample,timing,control_spec,control_group,event_time,estimate,se,ci_low,ci_high
inventors_per_100k_pop,combined_us_europe,standard_decade,population_level,notyettreated,-70,-0.36196191844084796,2.4167688454372684,-5.098828855497894,4.374905018616198
inventors_per_100k_pop,combined_us_europe,standard_decade,population_level,notyettreated,-60,0.46705816703933745,1.8868743234150183,-3.231215506854098,4.165331840932773
inventors_per_100k_pop,combined_us_europe,standard_decade,population_level,notyettreated,-50,0.33179398560691586,1.3632463174915959,-2.340168796676612,3.0037567678904438
inventors_per_100k_pop,combined_us_europe,standard_decade,population_level,notyettreated,-40,0.35004978959710936,1.2038664333494398,-2.0095284197677925,2.709627998962011
inventors_per_100k_pop,combined_us_europe,standard_decade,population_level,notyettreated,-30,1.4050169332691789,0.8451477632373343,-0.2514726826759963,3.061506549214354
inventors_per_100k_pop,combined_us_europe,standard_decade,population_level,notyettreated,-20,0.45449635215878337,0.8148045817749878,-1.142520628120193,2.0515133324377595
inventors_per_100k_pop,combined_us_europe,standard_decade,population_level,notyettreated,-10,0,NA,NA,NA
inventors_per_100k_pop,combined_us_europe,standard_decade,population_level,notyettreated,0,-1.381305282498226,1.35661445750323,-4.040269619204556,1.2776590542081045
inventors_per_100k_pop,combined_us_europe,standard_decade,population_level,notyettreated,10,-1.7847514648322311,1.2142722771669352,-4.164725128079424,0.5952221984149617
inventors_per_100k_pop,combined_us_europe,standard_decade,population_level,notyettreated,20,-3.886813057374032,2.495812467151311,-8.7786054929906,1.0049793782425374
inventors_per_100k_pop,combined_us_europe,standard_decade,population_level,notyettreated,30,-4.108884310353451,2.549441705785071,-9.10579005369219,0.8880214329852878
inventors_per_100k_pop,combined_us_europe,standard_decade,population_level,notyettreated,40,-4.2701112448302005,2.933414819464517,-10.019604290980654,1.4793818013202529
inventors_per_100k_pop,combined_us_europe,standard_decade,population_level,notyettreated,50,-4.355271437227662,2.998835774520511,-10.232989555287864,1.5224466808325392
inventors_per_100k_pop,combined_us_europe,standard_decade,population_level,notyettreated,60,-4.9344102740568125,3.0588966999143334,-10.929847805888906,1.0610272577752813
inventors_per_100k_pop,combined_us_europe,standard_decade,population_level,notyettreated,70,-5.443478206127004,2.9948137299944326,-11.313313116916092,0.42635670466208353
stem_per_100k_pop,combined_us_europe,standard_decade,population_level,notyettreated,-70,0.07890699183218913,0.8624892883669805,-1.6115720133670925,1.769385997031471
stem_per_100k_pop,combined_us_europe,standard_decade,population_level,notyettreated,-60,0.5552198562370723,0.6858900401960699,-0.7891246225472248,1.8995643350213693
stem_per_100k_pop,combined_us_europe,standard_decade,population_level,notyettreated,-50,-0.044201401543689484,0.5618826384593479,-1.1454913729240115,1.0570885698366324
stem_per_100k_pop,combined_us_europe,standard_decade,population_level,notyettreated,-40,0.6898477654206094,0.5503418042572187,-0.3888221709235391,1.768517701764758
stem_per_100k_pop,combined_us_europe,standard_decade,population_level,notyettreated,-30,0.8336071643003207,0.546044021220447,-0.23663911729175546,1.9038534458923968
stem_per_100k_pop,combined_us_europe,standard_decade,population_level,notyettreated,-20,0.15288922009307787,0.44094228576219796,-0.71135766000083,1.0171361001869859
stem_per_100k_pop,combined_us_europe,standard_decade,population_level,notyettreated,-10,0,NA,NA,NA
stem_per_100k_pop,combined_us_europe,standard_decade,population_level,notyettreated,0,-0.20491702271714296,0.6647666398744523,-1.5078596368710695,1.0980255914367834
stem_per_100k_pop,combined_us_europe,standard_decade,population_level,notyettreated,10,-0.2477553950085749,0.3874181959438341,-1.0070950590584897,0.5115842690413399
stem_per_100k_pop,combined_us_europe,standard_decade,population_level,notyettreated,20,-1.3074313138020863,0.8798883529949273,-3.0320124856721438,0.4171498580679711
stem_per_100k_pop,combined_us_europe,standard_decade,population_level,notyettreated,30,-1.3132910404194365,0.9581915145929081,-3.191346409021536,0.5647643281826633
stem_per_100k_pop,combined_us_europe,standard_decade,population_level,notyettreated,40,-1.3917278266786632,1.0411771222926294,-3.4324349863722166,0.6489793330148901
stem_per_100k_pop,combined_us_europe,standard_decade,population_level,notyettreated,50,-1.7226979948243524,1.1219448137066101,-3.9217098296893083,0.4763138400406035
stem_per_100k_pop,combined_us_europe,standard_decade,population_level,notyettreated,60,-1.897024080394818,1.128724342104599,-4.109323790919832,0.31527563013019577
stem_per_100k_pop,combined_us_europe,standard_decade,population_level,notyettreated,70,-2.0640911916042177,1.1328341431302782,-4.2844461121395625,0.1562637289311275
n_inventors,combined_us_europe,standard_decade,population_level,notyettreated,-70,-10.695226730728315,5.965609718648266,-22.387821779278916,0.9973683178222856
n_inventors,combined_us_europe,standard_decade,population_level,notyettreated,-60,-9.219486364440725,4.560077215208898,-18.157237706250164,-0.2817350226312847
n_inventors,combined_us_europe,standard_decade,population_level,notyettreated,-50,-8.601708476220837,3.881401206709699,-16.20925484137185,-0.9941621110698273
n_inventors,combined_us_europe,standard_decade,population_level,notyettreated,-40,-7.025993346881443,3.1950821212463314,-13.288354304524253,-0.7636323892386336
n_inventors,combined_us_europe,standard_decade,population_level,notyettreated,-30,-4.626005616701049,3.077243559065508,-10.657402992469443,1.4053917590673466
n_inventors,combined_us_europe,standard_decade,population_level,notyettreated,-20,-3.3353585287742114,2.0866793319043766,-7.425250019306789,0.7545329617583665
n_inventors,combined_us_europe,standard_decade,population_level,notyettreated,-10,0,NA,NA,NA
n_inventors,combined_us_europe,standard_decade,population_level,notyettreated,0,1.766328058539315,0.9796312958993857,-0.15374928142348088,3.686405398502111
n_inventors,combined_us_europe,standard_decade,population_level,notyettreated,10,5.453698951403349,2.063153297057833,1.4099184891699972,9.4974794136367
n_inventors,combined_us_europe,standard_decade,population_level,notyettreated,20,6.997694232730096,2.3368507537289105,2.4174667554214313,11.57792171003876
n_inventors,combined_us_europe,standard_decade,population_level,notyettreated,30,12.191247117508095,3.202247241402075,5.9148425243600276,18.467651710656163
n_inventors,combined_us_europe,standard_decade,population_level,notyettreated,40,19.571860924880426,5.049265086948809,9.67530135446076,29.46842049530009
n_inventors,combined_us_europe,standard_decade,population_level,notyettreated,50,20.74471385940074,5.832610424595503,9.312797427193555,32.17663029160792
n_inventors,combined_us_europe,standard_decade,population_level,notyettreated,60,22.04496842759826,5.364664174842433,11.53022664490709,32.55971021028943
n_inventors,combined_us_europe,standard_decade,population_level,notyettreated,70,12.520339711091669,4.004587121795463,4.671348952372561,20.369330469810777
log1p_n_inventors,combined_us_europe,standard_decade,population_level,notyettreated,-70,-0.8198186406982765,0.12472564229385912,-1.0642808995942403,-0.5753563818023126
log1p_n_inventors,combined_us_europe,standard_decade,population_level,notyettreated,-60,-0.5423940428491617,0.09235979105615345,-0.7234192333192224,-0.36136885237910094
log1p_n_inventors,combined_us_europe,standard_decade,population_level,notyettreated,-50,-0.4823004191466798,0.08888165762665312,-0.6565084680949199,-0.3080923701984397
log1p_n_inventors,combined_us_europe,standard_decade,population_level,notyettreated,-40,-0.3356435259616616,0.07243416374303187,-0.477614486898004,-0.19367256502531913
log1p_n_inventors,combined_us_europe,standard_decade,population_level,notyettreated,-30,-0.1635691083757685,0.08234355646496262,-0.3249624790470952,-0.002175737704441766
log1p_n_inventors,combined_us_europe,standard_decade,population_level,notyettreated,-20,-0.017257742650090807,0.06621501427800706,-0.14703917063498465,0.11252368533480303
log1p_n_inventors,combined_us_europe,standard_decade,population_level,notyettreated,-10,0,NA,NA,NA
log1p_n_inventors,combined_us_europe,standard_decade,population_level,notyettreated,0,0.05681930929677773,0.07689191667839203,-0.09388884739287065,0.2075274659864261
log1p_n_inventors,combined_us_europe,standard_decade,population_level,notyettreated,10,0.22114827913143148,0.05854036000992578,0.10640917351197694,0.33588738475088603
log1p_n_inventors,combined_us_europe,standard_decade,population_level,notyettreated,20,0.2138715783376779,0.07322764020234905,0.07034540354107374,0.357397753134282
log1p_n_inventors,combined_us_europe,standard_decade,population_level,notyettreated,30,0.43413561846057913,0.08378595610644951,0.2699151444919381,0.5983560924292202
log1p_n_inventors,combined_us_europe,standard_decade,population_level,notyettreated,40,0.5138908443330933,0.10429849170227364,0.309465800596637,0.7183158880695496
log1p_n_inventors,combined_us_europe,standard_decade,population_level,notyettreated,50,0.6169118169375558,0.09554057914449493,0.4296522818143458,0.8041713520607658
log1p_n_inventors,combined_us_europe,standard_decade,population_level,notyettreated,60,0.6075229013833644,0.11171313086753486,0.3885651648829961,0.8264806378837327
log1p_n_inventors,combined_us_europe,standard_decade,population_level,notyettreated,70,0.3314505873431511,0.13247532301628204,0.07179895423123828,0.5911022204550639
n_stem,combined_us_europe,standard_decade,population_level,notyettreated,-70,-4.248789019146328,1.9873161007389035,-8.143928576594579,-0.35364946169807654
n_stem,combined_us_europe,standard_decade,population_level,notyettreated,-60,-3.542302991119512,1.5049053493669857,-6.491917475878804,-0.5926885063602203
n_stem,combined_us_europe,standard_decade,population_level,notyettreated,-50,-3.6313068946642595,1.5881875638210095,-6.7441545197534385,-0.5184592695750809
n_stem,combined_us_europe,standard_decade,population_level,notyettreated,-40,-2.501059719953989,1.229433196638862,-4.910748785366159,-0.09137065454181936
n_stem,combined_us_europe,standard_decade,population_level,notyettreated,-30,-1.3478634108238738,0.678416773469263,-2.6775602868236295,-0.018166534824118452
n_stem,combined_us_europe,standard_decade,population_level,notyettreated,-20,-1.1100768547214832,0.7514756147913321,-2.582969059712494,0.3628153502695277
n_stem,combined_us_europe,standard_decade,population_level,notyettreated,-10,0,NA,NA,NA
n_stem,combined_us_europe,standard_decade,population_level,notyettreated,0,1.0384742291291202,0.5672390504269601,-0.07331430970772157,2.150262767965962
n_stem,combined_us_europe,standard_decade,population_level,notyettreated,10,2.5395062311976195,0.9755952364265931,0.6273395678014972,4.451672894593742
n_stem,combined_us_europe,standard_decade,population_level,notyettreated,20,3.0267871757375557,1.181611239660331,0.7108291460033067,5.342745205471805
n_stem,combined_us_europe,standard_decade,population_level,notyettreated,30,4.844193066038658,1.3639657258162043,2.1708202434388975,7.517565888638418
n_stem,combined_us_europe,standard_decade,population_level,notyettreated,40,7.655197219988182,2.2418884831701944,3.2610957929746007,12.049298647001763
n_stem,combined_us_europe,standard_decade,population_level,notyettreated,50,7.44348765011796,1.945930182413088,3.6294644925883075,11.257510807647613
n_stem,combined_us_europe,standard_decade,population_level,notyettreated,60,7.205862136157522,1.9227975772507215,3.437178884746108,10.974545387568936
n_stem,combined_us_europe,standard_decade,population_level,notyettreated,70,3.1872998149787364,1.416340049640619,0.4112733176831229,5.96332631227435
log1p_n_stem,combined_us_europe,standard_decade,population_level,notyettreated,-70,-0.6870423363451836,0.11329614202781293,-0.9091027747196969,-0.4649818979706703
log1p_n_stem,combined_us_europe,standard_decade,population_level,notyettreated,-60,-0.4619739328630082,0.08514810481638942,-0.6288642183031314,-0.29508364742288495
log1p_n_stem,combined_us_europe,standard_decade,population_level,notyettreated,-50,-0.4880191760403961,0.09979336613283953,-0.6836141736607615,-0.2924241784200306
log1p_n_stem,combined_us_europe,standard_decade,population_level,notyettreated,-40,-0.23281520451779794,0.07239331010414271,-0.37470609232191765,-0.09092431671367823
log1p_n_stem,combined_us_europe,standard_decade,population_level,notyettreated,-30,-0.09541143779896973,0.09190031178303854,-0.27553604889372524,0.0847131732957858
log1p_n_stem,combined_us_europe,standard_decade,population_level,notyettreated,-20,-0.03436126654073638,0.08064867838724997,-0.1924326761797463,0.12371014309827355
log1p_n_stem,combined_us_europe,standard_decade,population_level,notyettreated,-10,0,NA,NA,NA
log1p_n_stem,combined_us_europe,standard_decade,population_level,notyettreated,0,0.10345380056298992,0.07819506013736954,-0.04980851730625438,0.2567161184322342
log1p_n_stem,combined_us_europe,standard_decade,population_level,notyettreated,10,0.21786777732482882,0.08127617773091926,0.05856646897222706,0.37716908567743057
log1p_n_stem,combined_us_europe,standard_decade,population_level,notyettreated,20,0.18472179931394947,0.08733543658910685,0.01354434359930004,0.35589925502859887
log1p_n_stem,combined_us_europe,standard_decade,population_level,notyettreated,30,0.41313019765746933,0.09358822349707391,0.2296972796032045,0.5965631157117341
log1p_n_stem,combined_us_europe,standard_decade,population_level,notyettreated,40,0.42148804844895654,0.09836808564553015,0.22868660058371745,0.6142894963141956
log1p_n_stem,combined_us_europe,standard_decade,population_level,notyettreated,50,0.4760940069683833,0.10134662863135833,0.27745461485092093,0.6747333990858456
log1p_n_stem,combined_us_europe,standard_decade,population_level,notyettreated,60,0.4882996109340369,0.10335257699033527,0.28572856003297975,0.690870661835094
log1p_n_stem,combined_us_europe,standard_decade,population_level,notyettreated,70,0.23828600586190055,0.11591770638087696,0.01108730135538169,0.46548471036841943
inventors_per_100k_pop,combined_us_europe,alternative_decade,population_level,notyettreated,-70,-0.044187746417097155,2.1950929857760073,-4.3465699985380715,4.2581945057038775
inventors_per_100k_pop,combined_us_europe,alternative_decade,population_level,notyettreated,-60,0.7814163453917164,1.8125113044146055,-2.7711058112609104,4.333938502044343
inventors_per_100k_pop,combined_us_europe,alternative_decade,population_level,notyettreated,-50,0.5135764811568977,1.3513643299199916,-2.135097605486286,3.162250567800081
inventors_per_100k_pop,combined_us_europe,alternative_decade,population_level,notyettreated,-40,0.35410408322806464,1.2189641221380731,-2.0350655961625588,2.7432737626186876
inventors_per_100k_pop,combined_us_europe,alternative_decade,population_level,notyettreated,-30,2.8892836585267343,1.6492849079625413,-0.3433147610798466,6.121882078133315
inventors_per_100k_pop,combined_us_europe,alternative_decade,population_level,notyettreated,-20,1.13726287915567,1.416093574160331,-1.6382805261985787,3.9128062845099185
inventors_per_100k_pop,combined_us_europe,alternative_decade,population_level,notyettreated,-10,0,NA,NA,NA
inventors_per_100k_pop,combined_us_europe,alternative_decade,population_level,notyettreated,0,0.14565485393976219,0.5890372334866592,-1.0088581236940897,1.300167831573614
inventors_per_100k_pop,combined_us_europe,alternative_decade,population_level,notyettreated,10,-1.7134874420624264,1.036491917085423,-3.7450115995498554,0.31803671542500256
inventors_per_100k_pop,combined_us_europe,alternative_decade,population_level,notyettreated,20,-2.9291960362713914,1.3270209479467332,-5.530157094246988,-0.3282349782957943
inventors_per_100k_pop,combined_us_europe,alternative_decade,population_level,notyettreated,30,-3.0875352858628675,1.5042835550405729,-6.03593105374239,-0.13913951798334478
inventors_per_100k_pop,combined_us_europe,alternative_decade,population_level,notyettreated,40,-3.3079014913092797,1.7697245044495733,-6.776561520030443,0.16075853741188384
inventors_per_100k_pop,combined_us_europe,alternative_decade,population_level,notyettreated,50,-3.2799239728178127,1.5768725974677986,-6.370594263854698,-0.1892536817809276
inventors_per_100k_pop,combined_us_europe,alternative_decade,population_level,notyettreated,60,-3.9077720130465137,1.698846361896329,-7.237510882363319,-0.578033143729709
inventors_per_100k_pop,combined_us_europe,alternative_decade,population_level,notyettreated,70,-4.334670958124637,1.7902228024850193,-7.843507650995275,-0.8258342652539996
stem_per_100k_pop,combined_us_europe,alternative_decade,population_level,notyettreated,-70,0.20252748634131523,0.7914957442898537,-1.348804172466798,1.7538591451494283
stem_per_100k_pop,combined_us_europe,alternative_decade,population_level,notyettreated,-60,0.7579241432530885,0.6894926302249127,-0.5934814119877403,2.1093296984939176
stem_per_100k_pop,combined_us_europe,alternative_decade,population_level,notyettreated,-50,0.12687968479775255,0.5619939712208891,-0.97462849879519,1.228387868390695
stem_per_100k_pop,combined_us_europe,alternative_decade,population_level,notyettreated,-40,0.7515541940843848,0.5783076632976953,-0.38192882597909805,1.8850372141478677
stem_per_100k_pop,combined_us_europe,alternative_decade,population_level,notyettreated,-30,1.492419958734403,0.7497857567848092,0.022839875436176937,2.9620000420326287
stem_per_100k_pop,combined_us_europe,alternative_decade,population_level,notyettreated,-20,0.5027238260944055,0.6920994417311315,-0.8537910796986122,1.859238731887423
stem_per_100k_pop,combined_us_europe,alternative_decade,population_level,notyettreated,-10,0,NA,NA,NA
stem_per_100k_pop,combined_us_europe,alternative_decade,population_level,notyettreated,0,0.6792302058666149,0.5131461496536968,-0.3265362474546307,1.6849966591878605
stem_per_100k_pop,combined_us_europe,alternative_decade,population_level,notyettreated,10,-0.27533214795134286,0.42828214939681486,-1.1147651607691,0.5641008648664142
stem_per_100k_pop,combined_us_europe,alternative_decade,population_level,notyettreated,20,-0.7115830382213845,0.47348062431403937,-1.6396050618769016,0.21643898543413265
stem_per_100k_pop,combined_us_europe,alternative_decade,population_level,notyettreated,30,-0.8519516863411205,0.46037797873019415,-1.7542925246523011,0.05038915197006
stem_per_100k_pop,combined_us_europe,alternative_decade,population_level,notyettreated,40,-1.0198312738863455,0.5534855652043887,-2.1046629816869475,0.06500043391425647
stem_per_100k_pop,combined_us_europe,alternative_decade,population_level,notyettreated,50,-1.1262504571043803,0.5753499569885172,-2.253936372801874,0.0014354585931133368
stem_per_100k_pop,combined_us_europe,alternative_decade,population_level,notyettreated,60,-1.4171749410719596,0.5635751812540762,-2.521782296329949,-0.31256758581397026
stem_per_100k_pop,combined_us_europe,alternative_decade,population_level,notyettreated,70,-1.57608198036318,0.6729978641493967,-2.895157794095997,-0.2570061666303627
n_inventors,combined_us_europe,alternative_decade,population_level,notyettreated,-70,-11.771576787418995,5.260852075665821,-22.082846855724004,-1.4603067191139871
n_inventors,combined_us_europe,alternative_decade,population_level,notyettreated,-60,-9.611430506828613,4.739389827836755,-18.90063456938865,-0.3222264442685745
n_inventors,combined_us_europe,alternative_decade,population_level,notyettreated,-50,-8.763880650296308,3.8655352353473447,-16.340329711577105,-1.187431589015512
n_inventors,combined_us_europe,alternative_decade,population_level,notyettreated,-40,-6.550615335179503,3.151900324906817,-12.728339971996864,-0.3728906983621423
n_inventors,combined_us_europe,alternative_decade,population_level,notyettreated,-30,-4.537322523800333,2.9790188816423404,-10.37619953181932,1.301554484218654
n_inventors,combined_us_europe,alternative_decade,population_level,notyettreated,-20,-2.436166468741223,2.104682747303027,-6.561344653455156,1.6890117159727103
n_inventors,combined_us_europe,alternative_decade,population_level,notyettreated,-10,0,NA,NA,NA
n_inventors,combined_us_europe,alternative_decade,population_level,notyettreated,0,3.7413909413724284,1.3854554501767482,1.0258982590260022,6.456883623718855
n_inventors,combined_us_europe,alternative_decade,population_level,notyettreated,10,5.517363277152938,1.5675286618929978,2.445007099842663,8.589719454463214
n_inventors,combined_us_europe,alternative_decade,population_level,notyettreated,20,8.22982693807182,2.320326947547902,3.6819861208779328,12.777667755265707
n_inventors,combined_us_europe,alternative_decade,population_level,notyettreated,30,13.139202284040586,3.625236083904955,6.0337395595868735,20.244665008494298
n_inventors,combined_us_europe,alternative_decade,population_level,notyettreated,40,18.745272636291475,4.4607155556076235,10.002270147300532,27.488275125282417
n_inventors,combined_us_europe,alternative_decade,population_level,notyettreated,50,24.409858155056828,6.6340709032222716,11.407079184741175,37.412637125372484
n_inventors,combined_us_europe,alternative_decade,population_level,notyettreated,60,20.327204116396196,3.8454372697911094,12.790147067605622,27.864261165186768
n_inventors,combined_us_europe,alternative_decade,population_level,notyettreated,70,15.621850110701333,5.535492321784161,4.772285160004378,26.47141506139829
log1p_n_inventors,combined_us_europe,alternative_decade,population_level,notyettreated,-70,-0.769814604501763,0.12071108505888248,-1.0064083312171725,-0.5332208777863533
log1p_n_inventors,combined_us_europe,alternative_decade,population_level,notyettreated,-60,-0.5529512204988993,0.10641723772209327,-0.7615290064342022,-0.3443734345635965
log1p_n_inventors,combined_us_europe,alternative_decade,population_level,notyettreated,-50,-0.4127781735635666,0.0832714989792797,-0.5759903115629548,-0.2495660355641784
log1p_n_inventors,combined_us_europe,alternative_decade,population_level,notyettreated,-40,-0.33288955104755136,0.0853016684477809,-0.5000808212052019,-0.1656982808899008
log1p_n_inventors,combined_us_europe,alternative_decade,population_level,notyettreated,-30,-0.10266980700832284,0.07567421107171328,-0.2509912607088809,0.045651646692235176
log1p_n_inventors,combined_us_europe,alternative_decade,population_level,notyettreated,-20,-0.009396777379029423,0.06845679694136175,-0.14357209938409846,0.12477854462603961
log1p_n_inventors,combined_us_europe,alternative_decade,population_level,notyettreated,-10,0,NA,NA,NA
log1p_n_inventors,combined_us_europe,alternative_decade,population_level,notyettreated,0,0.1668243793202124,0.07135601472199365,0.026966590465104856,0.30668216817531996
log1p_n_inventors,combined_us_europe,alternative_decade,population_level,notyettreated,10,0.22808387490339951,0.05718602657992346,0.11599926280674953,0.3401684870000495
log1p_n_inventors,combined_us_europe,alternative_decade,population_level,notyettreated,20,0.27390467559997894,0.08614549194260213,0.10505951139247877,0.4427498398074791
log1p_n_inventors,combined_us_europe,alternative_decade,population_level,notyettreated,30,0.4409557871307886,0.08438703141373276,0.2755572055598724,0.6063543687017048
log1p_n_inventors,combined_us_europe,alternative_decade,population_level,notyettreated,40,0.5081797631192673,0.0976561533529944,0.31677370254739823,0.6995858236911363
log1p_n_inventors,combined_us_europe,alternative_decade,population_level,notyettreated,50,0.6433403159674623,0.09461443140317101,0.45789603041724714,0.8287846015176775
log1p_n_inventors,combined_us_europe,alternative_decade,population_level,notyettreated,60,0.573749533887055,0.12123358929204976,0.33613169887463745,0.8113673688994725
log1p_n_inventors,combined_us_europe,alternative_decade,population_level,notyettreated,70,0.3733333602772121,0.13984744052545733,0.09923237684731573,0.6474343437071084
n_stem,combined_us_europe,alternative_decade,population_level,notyettreated,-70,-4.786002135125845,1.8405198993767125,-8.393421137904202,-1.1785831323474882
n_stem,combined_us_europe,alternative_decade,population_level,notyettreated,-60,-3.79224880171783,1.596360426647288,-6.921115237946514,-0.663382365489146
n_stem,combined_us_europe,alternative_decade,population_level,notyettreated,-50,-3.6897198869021266,1.6010250586346453,-6.8277290018260315,-0.5517107719782217
n_stem,combined_us_europe,alternative_decade,population_level,notyettreated,-40,-2.199375399479187,1.2268434396101975,-4.603988541115173,0.2052377421567999
n_stem,combined_us_europe,alternative_decade,population_level,notyettreated,-30,-1.2827309443191404,0.7556497877198498,-2.763804528250046,0.19834263961176513
n_stem,combined_us_europe,alternative_decade,population_level,notyettreated,-20,-0.7382234088931571,0.7947006264780044,-2.2958366367900456,0.8193898190037315
n_stem,combined_us_europe,alternative_decade,population_level,notyettreated,-10,0,NA,NA,NA
n_stem,combined_us_europe,alternative_decade,population_level,notyettreated,0,1.9215869666635343,0.6426567640099503,0.6619797092040318,3.181194224123037
n_stem,combined_us_europe,alternative_decade,population_level,notyettreated,10,2.42536971154465,0.808461951020601,0.8407842875442721,4.009955135545028
n_stem,combined_us_europe,alternative_decade,population_level,notyettreated,20,3.684587261996359,1.1218415919114968,1.4857777418498253,5.883396782142892
n_stem,combined_us_europe,alternative_decade,population_level,notyettreated,30,5.197917679274688,1.4187153180351144,2.417235655925864,7.978599702623512
n_stem,combined_us_europe,alternative_decade,population_level,notyettreated,40,7.014375363474156,2.11178434938202,2.875278038685397,11.153472688262916
n_stem,combined_us_europe,alternative_decade,population_level,notyettreated,50,9.131496016563835,2.3725512125296064,4.481295640005807,13.781696393121862
n_stem,combined_us_europe,alternative_decade,population_level,notyettreated,60,6.5080924572211565,1.4869157858843898,3.5937375168877526,9.42244739755456
n_stem,combined_us_europe,alternative_decade,population_level,notyettreated,70,4.194001111400808,2.0488593328124085,0.17823681908848688,8.209765403713128
log1p_n_stem,combined_us_europe,alternative_decade,population_level,notyettreated,-70,-0.6151281208860198,0.11774102572938604,-0.8459005313156164,-0.38435571045642314
log1p_n_stem,combined_us_europe,alternative_decade,population_level,notyettreated,-60,-0.4579947064966615,0.09159168020248738,-0.6375143996935368,-0.27847501329978624
log1p_n_stem,combined_us_europe,alternative_decade,population_level,notyettreated,-50,-0.427116320735685,0.09964221114042311,-0.6224150545709143,-0.2318175869004557
log1p_n_stem,combined_us_europe,alternative_decade,population_level,notyettreated,-40,-0.19419389989243938,0.07729424793139902,-0.3456906258379815,-0.04269717394689729
log1p_n_stem,combined_us_europe,alternative_decade,population_level,notyettreated,-30,-0.050151319197978536,0.08709176499591217,-0.2208511785899664,0.12054854019400933
log1p_n_stem,combined_us_europe,alternative_decade,population_level,notyettreated,-20,-0.018646977908890965,0.07928648866191168,-0.17404849568623787,0.13675453986845593
log1p_n_stem,combined_us_europe,alternative_decade,population_level,notyettreated,-10,0,NA,NA,NA
log1p_n_stem,combined_us_europe,alternative_decade,population_level,notyettreated,0,0.196537841825095,0.07004409002648314,0.05925142537318806,0.33382425827700196
log1p_n_stem,combined_us_europe,alternative_decade,population_level,notyettreated,10,0.21382204402452007,0.07541664915127529,0.06600541168802052,0.36163867636101965
log1p_n_stem,combined_us_europe,alternative_decade,population_level,notyettreated,20,0.2911524444045198,0.08616858537455409,0.1222620170703938,0.46004287173864583
log1p_n_stem,combined_us_europe,alternative_decade,population_level,notyettreated,30,0.41444910038184535,0.09716396692431081,0.22400772521019616,0.6048904755534945
log1p_n_stem,combined_us_europe,alternative_decade,population_level,notyettreated,40,0.4249051940954211,0.08438315186166809,0.25951421644655165,0.5902961717442905
log1p_n_stem,combined_us_europe,alternative_decade,population_level,notyettreated,50,0.5321738308864015,0.09598532796752363,0.34404258807005517,0.7203050737027478
log1p_n_stem,combined_us_europe,alternative_decade,population_level,notyettreated,60,0.47659175127154474,0.10198930951764489,0.27669270461696077,0.6764907979261288
log1p_n_stem,combined_us_europe,alternative_decade,population_level,notyettreated,70,0.24866499749108395,0.12363597443600483,0.006338487596514508,0.4909915073856534
inventors_per_100k_pop,europe_city_only,standard_decade,population_level,notyettreated,-70,-2.3298071593621983,3.1433140034663047,-8.490702606156155,3.831088287431759
inventors_per_100k_pop,europe_city_only,standard_decade,population_level,notyettreated,-60,-0.6790697623097861,2.3470620271673877,-5.279311335557866,3.9211718109382936
inventors_per_100k_pop,europe_city_only,standard_decade,population_level,notyettreated,-50,-0.6297629983916331,1.590968900134238,-3.7480620426547393,2.4885360458714736
inventors_per_100k_pop,europe_city_only,standard_decade,population_level,notyettreated,-40,-0.3432223391582574,1.288561582474831,-2.8688030408089262,2.1823583624924114
inventors_per_100k_pop,europe_city_only,standard_decade,population_level,notyettreated,-30,1.455784993996155,1.0541224261611,-0.6102949612796011,3.5218649492719107
inventors_per_100k_pop,europe_city_only,standard_decade,population_level,notyettreated,-20,-0.08735611295358055,0.9563602332405782,-1.9618221701051137,1.7871099441979528
inventors_per_100k_pop,europe_city_only,standard_decade,population_level,notyettreated,-10,0,NA,NA,NA
inventors_per_100k_pop,europe_city_only,standard_decade,population_level,notyettreated,0,-0.4316736399331036,0.6943808621961373,-1.7926601298375326,0.9293128499713255
inventors_per_100k_pop,europe_city_only,standard_decade,population_level,notyettreated,10,-1.070089089433144,0.8543112731627928,-2.7445391848322176,0.6043610059659297
inventors_per_100k_pop,europe_city_only,standard_decade,population_level,notyettreated,20,-2.6195079295038743,1.2038688318514241,-4.979090839932665,-0.25992501907508325
inventors_per_100k_pop,europe_city_only,standard_decade,population_level,notyettreated,30,-2.7312064677481716,1.1401889036665125,-4.965976718934536,-0.49643621656180725
inventors_per_100k_pop,europe_city_only,standard_decade,population_level,notyettreated,40,-2.6876982729810477,1.4034869645913068,-5.438532723580009,0.06313617761791379
inventors_per_100k_pop,europe_city_only,standard_decade,population_level,notyettreated,50,-3.058136793869854,1.3642914562925703,-5.732148048203292,-0.3841255395364165
inventors_per_100k_pop,europe_city_only,standard_decade,population_level,notyettreated,60,-3.472620180066732,1.3861985464651003,-6.189569331138328,-0.7556710289951352
inventors_per_100k_pop,europe_city_only,standard_decade,population_level,notyettreated,70,-4.012638565657876,1.560014115428948,-7.070266231898614,-0.9550108994171382
stem_per_100k_pop,europe_city_only,standard_decade,population_level,notyettreated,-70,-1.0193570099517173,0.7823592470048192,-2.5527811340811626,0.5140671141777282
stem_per_100k_pop,europe_city_only,standard_decade,population_level,notyettreated,-60,-0.06275339518399138,0.8339366589270639,-1.6972692466810366,1.571762456313054
stem_per_100k_pop,europe_city_only,standard_decade,population_level,notyettreated,-50,-0.8136807845359648,0.5991077382460084,-1.9879319514981413,0.36057038242621164
stem_per_100k_pop,europe_city_only,standard_decade,population_level,notyettreated,-40,0.3323537101541094,0.6068602953631481,-0.8570924687576609,1.5217998890658797
stem_per_100k_pop,europe_city_only,standard_decade,population_level,notyettreated,-30,0.9369123682837595,0.6266413073200174,-0.29130459406347464,2.1651293306309936
stem_per_100k_pop,europe_city_only,standard_decade,population_level,notyettreated,-20,-0.11619931151630797,0.5263806121512858,-1.1479053113328284,0.9155066883002123
stem_per_100k_pop,europe_city_only,standard_decade,population_level,notyettreated,-10,0,NA,NA,NA
stem_per_100k_pop,europe_city_only,standard_decade,population_level,notyettreated,0,0.3226044854072126,0.4525933261500328,-0.5644784338468516,1.2096874046612769
stem_per_100k_pop,europe_city_only,standard_decade,population_level,notyettreated,10,-0.11195276042110697,0.46157230682815814,-1.016634481804297,0.7927289609620829
stem_per_100k_pop,europe_city_only,standard_decade,population_level,notyettreated,20,-0.7464602202293846,0.42912413047227155,-1.5875435159550368,0.09462307549626758
stem_per_100k_pop,europe_city_only,standard_decade,population_level,notyettreated,30,-0.8974541790304686,0.39364225210360276,-1.66899299315353,-0.1259153649074073
stem_per_100k_pop,europe_city_only,standard_decade,population_level,notyettreated,40,-0.8377111753621349,0.42125016724935305,-1.6633615031708668,-0.012060847553402976
stem_per_100k_pop,europe_city_only,standard_decade,population_level,notyettreated,50,-1.337181848998768,0.3723517730145643,-2.066991324107314,-0.6073723738902219
stem_per_100k_pop,europe_city_only,standard_decade,population_level,notyettreated,60,-1.367160121191773,0.39089208512320284,-2.1333086080332504,-0.6010116343502955
stem_per_100k_pop,europe_city_only,standard_decade,population_level,notyettreated,70,-1.517973243237179,0.5041475370846659,-2.506102415923124,-0.5298440705512341
n_inventors,europe_city_only,standard_decade,population_level,notyettreated,-70,-12.8525105031937,8.065227669175373,-28.66035673477743,2.955335728390031
n_inventors,europe_city_only,standard_decade,population_level,notyettreated,-60,-10.401867525166901,5.9795573581182895,-22.12179994707875,1.3180648967449464
n_inventors,europe_city_only,standard_decade,population_level,notyettreated,-50,-9.565783882878405,4.976995565212918,-19.320695190695723,0.18912742493891344
n_inventors,europe_city_only,standard_decade,population_level,notyettreated,-40,-7.935523506012945,3.9682132962089662,-15.713221566582519,-0.15782544544337185
n_inventors,europe_city_only,standard_decade,population_level,notyettreated,-30,-5.242833761017622,3.940831397695244,-12.9668633005003,2.4811957784650556
n_inventors,europe_city_only,standard_decade,population_level,notyettreated,-20,-4.209948964058413,2.550888410859566,-9.209690249343161,0.7897923212263356
n_inventors,europe_city_only,standard_decade,population_level,notyettreated,-10,0,NA,NA,NA
n_inventors,europe_city_only,standard_decade,population_level,notyettreated,0,1.6583495569682785,1.1115202691407498,-0.5202301705475909,3.836929284484148
n_inventors,europe_city_only,standard_decade,population_level,notyettreated,10,5.423205954347094,2.6651941239233037,0.19942547145741862,10.64698643723677
n_inventors,europe_city_only,standard_decade,population_level,notyettreated,20,6.900724764199218,2.588698873066238,1.8268749729893914,11.974574555409045
n_inventors,europe_city_only,standard_decade,population_level,notyettreated,30,10.644904439943305,3.1634170253203937,4.4446070703153335,16.84520180957128
n_inventors,europe_city_only,standard_decade,population_level,notyettreated,40,18.284351756003982,5.710320266342859,7.092124033971979,29.476579478035987
n_inventors,europe_city_only,standard_decade,population_level,notyettreated,50,18.54228562157119,7.5597707566745225,3.7251349384891252,33.35943630465325
n_inventors,europe_city_only,standard_decade,population_level,notyettreated,60,21.09978049722583,6.317605306759374,8.717274095977457,33.4822868984742
n_inventors,europe_city_only,standard_decade,population_level,notyettreated,70,12.103838207048101,4.910897581680578,2.4784789469541693,21.729197467142033
log1p_n_inventors,europe_city_only,standard_decade,population_level,notyettreated,-70,-0.7851706023607447,0.14740290170935574,-1.074080289711082,-0.4962609150104074
log1p_n_inventors,europe_city_only,standard_decade,population_level,notyettreated,-60,-0.4706912344777095,0.1116392938675786,-0.6895042504581635,-0.25187821849725545
log1p_n_inventors,europe_city_only,standard_decade,population_level,notyettreated,-50,-0.4386816149284666,0.10272145097963249,-0.6400156588485463,-0.2373475710083869
log1p_n_inventors,europe_city_only,standard_decade,population_level,notyettreated,-40,-0.29470628177639846,0.0732418986762109,-0.43826040318177184,-0.15115216037102508
log1p_n_inventors,europe_city_only,standard_decade,population_level,notyettreated,-30,-0.10854493911087741,0.09481517431392723,-0.2943826807661748,0.07729280254441996
log1p_n_inventors,europe_city_only,standard_decade,population_level,notyettreated,-20,-0.05607974839385498,0.07520641290443376,-0.20348431768654515,0.09132482089883517
log1p_n_inventors,europe_city_only,standard_decade,population_level,notyettreated,-10,0,NA,NA,NA
log1p_n_inventors,europe_city_only,standard_decade,population_level,notyettreated,0,0.022084189606862707,0.08283320558882387,-0.14026889334723208,0.1844372725609575
log1p_n_inventors,europe_city_only,standard_decade,population_level,notyettreated,10,0.2157950300341795,0.06861264165233605,0.08131425239560083,0.3502758076727581
log1p_n_inventors,europe_city_only,standard_decade,population_level,notyettreated,20,0.1888739323481265,0.08778724168405704,0.016810938647374707,0.3609369260488783
log1p_n_inventors,europe_city_only,standard_decade,population_level,notyettreated,30,0.3315188570874585,0.09212771161008125,0.15094854233169924,0.5120891718432177
log1p_n_inventors,europe_city_only,standard_decade,population_level,notyettreated,40,0.436099403457847,0.1029461711690839,0.23432490796644254,0.6378738989492514
log1p_n_inventors,europe_city_only,standard_decade,population_level,notyettreated,50,0.5073331683630938,0.09094604616788389,0.3290789178740414,0.6855874188521462
log1p_n_inventors,europe_city_only,standard_decade,population_level,notyettreated,60,0.5014536417673393,0.12734519689819065,0.25185705584688567,0.751050227687793
log1p_n_inventors,europe_city_only,standard_decade,population_level,notyettreated,70,0.33145563391812277,0.1433220002915258,0.05054451334673221,0.6123667544895133
n_stem,europe_city_only,standard_decade,population_level,notyettreated,-70,-5.086341932800581,2.569722952541115,-10.122998919781166,-0.04968494581999572
n_stem,europe_city_only,standard_decade,population_level,notyettreated,-60,-3.9045949937591127,1.8465818725389005,-7.523895463935357,-0.28529452358286767
n_stem,europe_city_only,standard_decade,population_level,notyettreated,-50,-4.167332915070903,1.994565452617457,-8.076681202201119,-0.257984627940687
n_stem,europe_city_only,standard_decade,population_level,notyettreated,-40,-2.7983637595353232,1.4729348844375014,-5.685316133032826,0.08858861396217943
n_stem,europe_city_only,standard_decade,population_level,notyettreated,-30,-1.4767838640290754,0.891609920883647,-3.2243393089610235,0.2707715809028728
n_stem,europe_city_only,standard_decade,population_level,notyettreated,-20,-1.6390852682266874,0.8831217589985932,-3.37000391586393,0.09183337941055525
n_stem,europe_city_only,standard_decade,population_level,notyettreated,-10,0,NA,NA,NA
n_stem,europe_city_only,standard_decade,population_level,notyettreated,0,0.8192627949617407,0.5964409152990828,-0.34976139902446157,1.988286988947943
n_stem,europe_city_only,standard_decade,population_level,notyettreated,10,2.4735264282947296,1.1465467652831205,0.22629476833981332,4.720758088249646
n_stem,europe_city_only,standard_decade,population_level,notyettreated,20,2.8087762848093267,1.0557309115954516,0.7395436980822416,4.878008871536412
n_stem,europe_city_only,standard_decade,population_level,notyettreated,30,3.8654277957455037,1.4668662765657596,0.9903698936766148,6.7404856978143926
n_stem,europe_city_only,standard_decade,population_level,notyettreated,40,6.868530440012201,2.5420862540123137,1.8860413821480657,11.851019497876337
n_stem,europe_city_only,standard_decade,population_level,notyettreated,50,5.678736550660572,2.066893587655308,1.6276251188561686,9.729847982464975
n_stem,europe_city_only,standard_decade,population_level,notyettreated,60,6.31383065710567,2.3228801545259254,1.760985554234856,10.866675759976484
n_stem,europe_city_only,standard_decade,population_level,notyettreated,70,2.5745274693451496,1.6321506920195425,-0.6244878870131538,5.773542825703453
log1p_n_stem,europe_city_only,standard_decade,population_level,notyettreated,-70,-0.7250862889562245,0.14076005950489842,-1.0009760055858254,-0.44919657232662363
log1p_n_stem,europe_city_only,standard_decade,population_level,notyettreated,-60,-0.43997402361301785,0.10715084905507291,-0.6499896877609608,-0.22995835946507495
log1p_n_stem,europe_city_only,standard_decade,population_level,notyettreated,-50,-0.530166656207298,0.10856797035825157,-0.7429598781094711,-0.3173734343051249
log1p_n_stem,europe_city_only,standard_decade,population_level,notyettreated,-40,-0.19503172093573357,0.0855467741136145,-0.362703398198418,-0.027360043673049145
log1p_n_stem,europe_city_only,standard_decade,population_level,notyettreated,-30,-0.07445342529490587,0.1060469337015163,-0.2823054153498778,0.13339856476006606
log1p_n_stem,europe_city_only,standard_decade,population_level,notyettreated,-20,-0.07812153841333176,0.09099686463530098,-0.2564753930985217,0.10023231627185815
log1p_n_stem,europe_city_only,standard_decade,population_level,notyettreated,-10,0,NA,NA,NA
log1p_n_stem,europe_city_only,standard_decade,population_level,notyettreated,0,0.08486693037427574,0.08450856069317007,-0.0807698485843376,0.25050370933288907
log1p_n_stem,europe_city_only,standard_decade,population_level,notyettreated,10,0.19302314432720763,0.0843288843706881,0.027738530960658953,0.35830775769375633
log1p_n_stem,europe_city_only,standard_decade,population_level,notyettreated,20,0.19525951499800756,0.09046164071045186,0.017954699205521923,0.3725643307904932
log1p_n_stem,europe_city_only,standard_decade,population_level,notyettreated,30,0.29683896689212214,0.08917819924377357,0.12204969637432594,0.4716282374099183
log1p_n_stem,europe_city_only,standard_decade,population_level,notyettreated,40,0.37001817516483776,0.097355365477332,0.17920165882926703,0.5608346915004085
log1p_n_stem,europe_city_only,standard_decade,population_level,notyettreated,50,0.32854915754466885,0.09189221470527802,0.14844041672232394,0.5086578983670138
log1p_n_stem,europe_city_only,standard_decade,population_level,notyettreated,60,0.3978519321874329,0.1053157962972149,0.19143297144489174,0.604270892929974
log1p_n_stem,europe_city_only,standard_decade,population_level,notyettreated,70,0.2439413945592155,0.12736647699303708,-0.005696900347137157,0.4935796894655682
inventors_per_100k_pop,europe_city_only,alternative_decade,population_level,notyettreated,-70,-1.665256856716721,2.7124429032023825,-6.9816449469933906,3.6511312335599486
inventors_per_100k_pop,europe_city_only,alternative_decade,population_level,notyettreated,-60,-0.5933324804711522,2.211332518176676,-4.927544216097437,3.740879255155133
inventors_per_100k_pop,europe_city_only,alternative_decade,population_level,notyettreated,-50,-0.469869184988948,1.4830374334041583,-3.376622554461098,2.4368841844832025
inventors_per_100k_pop,europe_city_only,alternative_decade,population_level,notyettreated,-40,-0.36318376730322627,1.3778925054346987,-3.0638530779552355,2.3374855433487833
inventors_per_100k_pop,europe_city_only,alternative_decade,population_level,notyettreated,-30,1.5081075861612179,0.9890178350895579,-0.4303673706143156,3.4465825429367514
inventors_per_100k_pop,europe_city_only,alternative_decade,population_level,notyettreated,-20,-0.15656846537092897,0.9979371416511492,-2.1125252630071816,1.7993883322653235
inventors_per_100k_pop,europe_city_only,alternative_decade,population_level,notyettreated,-10,0,NA,NA,NA
inventors_per_100k_pop,europe_city_only,alternative_decade,population_level,notyettreated,0,-0.007881018194919555,0.6794317418267647,-1.3395672321753784,1.3238051957855392
inventors_per_100k_pop,europe_city_only,alternative_decade,population_level,notyettreated,10,-1.3028811868012344,0.7757908268306699,-2.8234312073893477,0.21766883378687862
inventors_per_100k_pop,europe_city_only,alternative_decade,population_level,notyettreated,20,-2.5501820052481756,1.1159054924192933,-4.73735677038999,-0.36300724010636065
inventors_per_100k_pop,europe_city_only,alternative_decade,population_level,notyettreated,30,-2.6234524255293614,1.1926937189182139,-4.961132114609061,-0.2857727364496623
inventors_per_100k_pop,europe_city_only,alternative_decade,population_level,notyettreated,40,-2.7507928512809987,1.298118791658873,-5.295105682932389,-0.20648001962960771
inventors_per_100k_pop,europe_city_only,alternative_decade,population_level,notyettreated,50,-2.8938255819648724,1.2588670091924252,-5.3612049199820255,-0.4264462439477188
inventors_per_100k_pop,europe_city_only,alternative_decade,population_level,notyettreated,60,-3.591975845651589,1.4592877096341705,-6.452179756534563,-0.7317719347686147
inventors_per_100k_pop,europe_city_only,alternative_decade,population_level,notyettreated,70,-3.9033334797439916,1.570805159943342,-6.982111593232942,-0.8245553662550416
stem_per_100k_pop,europe_city_only,alternative_decade,population_level,notyettreated,-70,-0.8961693909595762,0.8425482738605737,-2.5475640077263004,0.7552252258071482
stem_per_100k_pop,europe_city_only,alternative_decade,population_level,notyettreated,-60,-0.19914723675924528,0.7902739827786187,-1.7480842430053378,1.3497897694868473
stem_per_100k_pop,europe_city_only,alternative_decade,population_level,notyettreated,-50,-0.6456065007123424,0.6295728875484939,-1.8795693603073904,0.5883563588827057
stem_per_100k_pop,europe_city_only,alternative_decade,population_level,notyettreated,-40,0.42232218611973715,0.6684432079422234,-0.8878265014470207,1.7324708736864949
stem_per_100k_pop,europe_city_only,alternative_decade,population_level,notyettreated,-30,0.6979203128761953,0.649231999714188,-0.5745744065636131,1.9704150323160037
stem_per_100k_pop,europe_city_only,alternative_decade,population_level,notyettreated,-20,-0.08781638654867374,0.541275466656265,-1.1487163011949533,0.9730835280976057
stem_per_100k_pop,europe_city_only,alternative_decade,population_level,notyettreated,-10,0,NA,NA,NA
stem_per_100k_pop,europe_city_only,alternative_decade,population_level,notyettreated,0,0.27838950146734537,0.44806481697604794,-0.5998175398057086,1.1565965427403992
stem_per_100k_pop,europe_city_only,alternative_decade,population_level,notyettreated,10,-0.1479400586380712,0.4930201092999066,-1.1142594728658881,0.8183793555897456
stem_per_100k_pop,europe_city_only,alternative_decade,population_level,notyettreated,20,-0.7025063062366731,0.4892108707812023,-1.6613596129678294,0.25634700049448333
stem_per_100k_pop,europe_city_only,alternative_decade,population_level,notyettreated,30,-0.9173191691881796,0.42568323710810835,-1.7516583139200719,-0.08298002445628727
stem_per_100k_pop,europe_city_only,alternative_decade,population_level,notyettreated,40,-0.9926796658895699,0.459131814559592,-1.8925780224263702,-0.09278130935276963
stem_per_100k_pop,europe_city_only,alternative_decade,population_level,notyettreated,50,-1.2201446375491636,0.4174464727291742,-2.038339724098345,-0.4019495509999822
stem_per_100k_pop,europe_city_only,alternative_decade,population_level,notyettreated,60,-1.4768035394586776,0.44124760807899044,-2.341648851293499,-0.6119582276238563
stem_per_100k_pop,europe_city_only,alternative_decade,population_level,notyettreated,70,-1.5593317898955519,0.5790643312167095,-2.6942978790803025,-0.42436570071080126
n_inventors,europe_city_only,alternative_decade,population_level,notyettreated,-70,-13.895108114688686,6.860903327199168,-27.342478635999054,-0.4477375933783172
n_inventors,europe_city_only,alternative_decade,population_level,notyettreated,-60,-10.828624381265959,5.7047120243194085,-22.009859948932,0.3526111864000825
n_inventors,europe_city_only,alternative_decade,population_level,notyettreated,-50,-9.890600687392833,5.004388158209528,-19.699201477483506,-0.0819998973021594
n_inventors,europe_city_only,alternative_decade,population_level,notyettreated,-40,-7.533721318831526,4.211041672072713,-15.787362996094043,0.7199203584309899
n_inventors,europe_city_only,alternative_decade,population_level,notyettreated,-30,-5.587388765936923,3.7419228310935706,-12.92155751488032,1.7467799830064754
n_inventors,europe_city_only,alternative_decade,population_level,notyettreated,-20,-3.2881289920840797,2.641680973256376,-8.465823699666576,1.8895657154984167
n_inventors,europe_city_only,alternative_decade,population_level,notyettreated,-10,0,NA,NA,NA
n_inventors,europe_city_only,alternative_decade,population_level,notyettreated,0,3.694709433023279,1.59821207491951,0.5622137661810398,6.827205099865518
n_inventors,europe_city_only,alternative_decade,population_level,notyettreated,10,5.134605898089038,1.8488472952811175,1.5108651993380482,8.758346596840028
n_inventors,europe_city_only,alternative_decade,population_level,notyettreated,20,7.636675361510222,2.6933373783119374,2.357734100018825,12.915616623001618
n_inventors,europe_city_only,alternative_decade,population_level,notyettreated,30,11.316971080161528,3.7894775987373563,3.8895949866363093,18.744347173686748
n_inventors,europe_city_only,alternative_decade,population_level,notyettreated,40,16.936121179944966,5.3041604459094165,6.5399667059625095,27.33227565392742
n_inventors,europe_city_only,alternative_decade,population_level,notyettreated,50,22.646267804117024,7.195923381918908,8.542257975555964,36.750277632678085
n_inventors,europe_city_only,alternative_decade,population_level,notyettreated,60,18.10619759930671,4.200937301204795,9.872360488945313,26.34003470966811
n_inventors,europe_city_only,alternative_decade,population_level,notyettreated,70,14.027191097230721,6.130678918964304,2.011060416060685,26.04332177840076
log1p_n_inventors,europe_city_only,alternative_decade,population_level,notyettreated,-70,-0.7186853182619676,0.1447270647137492,-1.002350365100916,-0.4350202714230192
log1p_n_inventors,europe_city_only,alternative_decade,population_level,notyettreated,-60,-0.5022743887353994,0.13938540328860446,-0.7754697791810642,-0.22907899828973466
log1p_n_inventors,europe_city_only,alternative_decade,population_level,notyettreated,-50,-0.37435048485930184,0.08721347784751778,-0.5452889014404367,-0.203412068278167
log1p_n_inventors,europe_city_only,alternative_decade,population_level,notyettreated,-40,-0.28592193735268084,0.0877083932162513,-0.4578303880565334,-0.1140134866488283
log1p_n_inventors,europe_city_only,alternative_decade,population_level,notyettreated,-30,-0.10852540114546769,0.088327666902327,-0.2816476282740286,0.06459682598309324
log1p_n_inventors,europe_city_only,alternative_decade,population_level,notyettreated,-20,-0.05170448292179923,0.08075866763466275,-0.2099914714857382,0.10658250564213974
log1p_n_inventors,europe_city_only,alternative_decade,population_level,notyettreated,-10,0,NA,NA,NA
log1p_n_inventors,europe_city_only,alternative_decade,population_level,notyettreated,0,0.13181503441493897,0.07686304309716219,-0.0188365300554989,0.28246659888537684
log1p_n_inventors,europe_city_only,alternative_decade,population_level,notyettreated,10,0.19223436764533136,0.06653267455528675,0.06183032551696935,0.3226384097736934
log1p_n_inventors,europe_city_only,alternative_decade,population_level,notyettreated,20,0.21584633608237594,0.08654905258659036,0.04621019301265883,0.38548247915209305
log1p_n_inventors,europe_city_only,alternative_decade,population_level,notyettreated,30,0.34165683857855844,0.08584727088506898,0.17339618764382325,0.5099174895132936
log1p_n_inventors,europe_city_only,alternative_decade,population_level,notyettreated,40,0.4211680051691801,0.1005561177759675,0.22407801432828384,0.6182579960100765
log1p_n_inventors,europe_city_only,alternative_decade,population_level,notyettreated,50,0.5458982653531663,0.09949221009324986,0.3508935335703966,0.740902997135936
log1p_n_inventors,europe_city_only,alternative_decade,population_level,notyettreated,60,0.5043467080061768,0.11593124407027179,0.2771214696284441,0.7315719463839094
log1p_n_inventors,europe_city_only,alternative_decade,population_level,notyettreated,70,0.32170199219574047,0.14200506459824128,0.04337206558318757,0.6000319188082934
n_stem,europe_city_only,alternative_decade,population_level,notyettreated,-70,-5.778939824525506,2.3434936608142167,-10.372187399721371,-1.185692249329641
n_stem,europe_city_only,alternative_decade,population_level,notyettreated,-60,-4.380087924221996,1.880812001341161,-8.066479446850671,-0.6936964015933205
n_stem,europe_city_only,alternative_decade,population_level,notyettreated,-50,-4.235900113448588,1.770037524921265,-7.705173662294268,-0.7666265646029089
n_stem,europe_city_only,alternative_decade,population_level,notyettreated,-40,-2.5100869460760293,1.5907102551031729,-5.627879046078248,0.6077051539261893
n_stem,europe_city_only,alternative_decade,population_level,notyettreated,-30,-1.77494221053939,0.9250989819252853,-3.5881362151129492,0.03825179403416912
n_stem,europe_city_only,alternative_decade,population_level,notyettreated,-20,-1.2357829388493997,0.9271232323689808,-3.0529444742926017,0.5813785965938025
n_stem,europe_city_only,alternative_decade,population_level,notyettreated,-10,0,NA,NA,NA
n_stem,europe_city_only,alternative_decade,population_level,notyettreated,0,1.506196661238989,0.6869757320286365,0.15972422646286155,2.8526690960151164
n_stem,europe_city_only,alternative_decade,population_level,notyettreated,10,2.3341763371209874,0.88089113841271,0.6076297058320757,4.060722968409899
n_stem,europe_city_only,alternative_decade,population_level,notyettreated,20,3.07080814293204,0.9613032567842413,1.186653759634927,4.954962526229153
n_stem,europe_city_only,alternative_decade,population_level,notyettreated,30,3.9970881632853095,1.472479583703332,1.1110281792267789,6.8831481473438405
n_stem,europe_city_only,alternative_decade,population_level,notyettreated,40,6.011175700691326,2.468967965835205,1.1719984876543244,10.850352913728328
n_stem,europe_city_only,alternative_decade,population_level,notyettreated,50,7.593593926208711,2.449352204392066,2.792863605600261,12.39432424681716
n_stem,europe_city_only,alternative_decade,population_level,notyettreated,60,4.908425361096636,1.4685528228502644,2.030061828310118,7.786788893883155
n_stem,europe_city_only,alternative_decade,population_level,notyettreated,70,3.173680469383504,2.4579975403414713,-1.6439947096857792,7.991355648452787
log1p_n_stem,europe_city_only,alternative_decade,population_level,notyettreated,-70,-0.6733076262428753,0.1377238160847928,-0.9432463057690692,-0.40336894671668144
log1p_n_stem,europe_city_only,alternative_decade,population_level,notyettreated,-60,-0.508049345482672,0.1133917939609187,-0.7302972616460727,-0.2858014293192713
log1p_n_stem,europe_city_only,alternative_decade,population_level,notyettreated,-50,-0.4907895175669364,0.10984489557519325,-0.7060855128943152,-0.2754935222395576
log1p_n_stem,europe_city_only,alternative_decade,population_level,notyettreated,-40,-0.16884226310284567,0.09632323517646793,-0.3576358040487228,0.019951277843031467
log1p_n_stem,europe_city_only,alternative_decade,population_level,notyettreated,-30,-0.12269118886953038,0.1009773257550786,-0.32060674734948447,0.07522436961042368
log1p_n_stem,europe_city_only,alternative_decade,population_level,notyettreated,-20,-0.0935838478145893,0.09298815415546625,-0.27584062995930314,0.08867293433012456
log1p_n_stem,europe_city_only,alternative_decade,population_level,notyettreated,-10,0,NA,NA,NA
log1p_n_stem,europe_city_only,alternative_decade,population_level,notyettreated,0,0.11460244240640563,0.07825112272672853,-0.03876975813798228,0.26797464295079354
log1p_n_stem,europe_city_only,alternative_decade,population_level,notyettreated,10,0.18052214540310532,0.0800900307124922,0.02354568520662062,0.33749860559959
log1p_n_stem,europe_city_only,alternative_decade,population_level,notyettreated,20,0.21660999570830294,0.09865583913606883,0.02324455100160805,0.40997544041499784
log1p_n_stem,europe_city_only,alternative_decade,population_level,notyettreated,30,0.2783556073244802,0.09686979779887128,0.08849080363869252,0.4682204110102679
log1p_n_stem,europe_city_only,alternative_decade,population_level,notyettreated,40,0.3142905439703226,0.08861653573152953,0.1406021339365247,0.48797895400412045
log1p_n_stem,europe_city_only,alternative_decade,population_level,notyettreated,50,0.382817726502401,0.09396108000997297,0.19865400968285396,0.566981443321948
log1p_n_stem,europe_city_only,alternative_decade,population_level,notyettreated,60,0.3671902321131946,0.08919890757406089,0.1923603732680353,0.5420200909583539
log1p_n_stem,europe_city_only,alternative_decade,population_level,notyettreated,70,0.19223344694624545,0.12775149984577092,-0.058159492751465536,0.4426263866439564
inventors_per_100k_pop,combined_us_europe,standard_decade,population_log,notyettreated,-70,-0.8223280665239474,2.388864119769673,-5.504501741272506,3.8598456082246115
inventors_per_100k_pop,combined_us_europe,standard_decade,population_log,notyettreated,-60,0.06985238378821021,1.8671987492391597,-3.589857164720543,3.729561932296963
inventors_per_100k_pop,combined_us_europe,standard_decade,population_log,notyettreated,-50,0.013326096401336139,1.4871548853624035,-2.9014974789089747,2.9281496717116466
inventors_per_100k_pop,combined_us_europe,standard_decade,population_log,notyettreated,-40,0.1075792031356409,1.186114774530335,-2.2172057549438158,2.432364161215098
inventors_per_100k_pop,combined_us_europe,standard_decade,population_log,notyettreated,-30,1.3608022279097785,0.8532254634459314,-0.31151968044424705,3.0331241362638037
inventors_per_100k_pop,combined_us_europe,standard_decade,population_log,notyettreated,-20,0.5594429574532724,0.8335149475400484,-1.0742463397252224,2.1931322546317675
inventors_per_100k_pop,combined_us_europe,standard_decade,population_log,notyettreated,-10,0,NA,NA,NA
inventors_per_100k_pop,combined_us_europe,standard_decade,population_log,notyettreated,0,-1.301180748703474,1.3765407056145689,-3.999200531708029,1.3968390343010808
inventors_per_100k_pop,combined_us_europe,standard_decade,population_log,notyettreated,10,-1.7717757951329984,1.2192112455272028,-4.161429836366316,0.6178782461003189
inventors_per_100k_pop,combined_us_europe,standard_decade,population_log,notyettreated,20,-3.886182892606331,2.3083129224959626,-8.410476220698417,0.6381104354857561
inventors_per_100k_pop,combined_us_europe,standard_decade,population_log,notyettreated,30,-4.023684422855148,2.6301095742337606,-9.178699188353319,1.1313303426430235
inventors_per_100k_pop,combined_us_europe,standard_decade,population_log,notyettreated,40,-4.1454727532275975,2.746549839569803,-9.528710438784412,1.237764932329216
inventors_per_100k_pop,combined_us_europe,standard_decade,population_log,notyettreated,50,-4.373406916831031,2.889113750549002,-10.036069867907074,1.289256034245013
inventors_per_100k_pop,combined_us_europe,standard_decade,population_log,notyettreated,60,-4.8969701800014995,3.0659445463636867,-10.906221490874326,1.1122811308713265
inventors_per_100k_pop,combined_us_europe,standard_decade,population_log,notyettreated,70,-5.494935938761283,2.9091571528101516,-11.19688395826918,0.20701208074661448
stem_per_100k_pop,combined_us_europe,standard_decade,population_log,notyettreated,-70,-0.26585944045808574,0.8670903334248065,-1.9653564939707064,1.4336376130545347
stem_per_100k_pop,combined_us_europe,standard_decade,population_log,notyettreated,-60,0.2857222298407611,0.6832004546126687,-1.0533506612000694,1.6247951208815916
stem_per_100k_pop,combined_us_europe,standard_decade,population_log,notyettreated,-50,-0.27855084898753524,0.5422242833522528,-1.3413104443579507,0.7842087463828802
stem_per_100k_pop,combined_us_europe,standard_decade,population_log,notyettreated,-40,0.4867765634867197,0.5218757745222588,-0.5360999545769075,1.509653081550347
stem_per_100k_pop,combined_us_europe,standard_decade,population_log,notyettreated,-30,0.8413590293185259,0.5375425828092417,-0.21222443298758786,1.8949424916246396
stem_per_100k_pop,combined_us_europe,standard_decade,population_log,notyettreated,-20,0.24520066513942274,0.4556911754062026,-0.6479540386567343,1.1383553689355796
stem_per_100k_pop,combined_us_europe,standard_decade,population_log,notyettreated,-10,0,NA,NA,NA
stem_per_100k_pop,combined_us_europe,standard_decade,population_log,notyettreated,0,-0.13311309984916242,0.6512305550206355,-1.409524987689608,1.143298787991283
stem_per_100k_pop,combined_us_europe,standard_decade,population_log,notyettreated,10,-0.2179314777860033,0.3793217449922507,-0.9614020979708147,0.5255391423988081
stem_per_100k_pop,combined_us_europe,standard_decade,population_log,notyettreated,20,-1.2863519299267905,0.832838988574857,-2.9187163475335103,0.3460124876799293
stem_per_100k_pop,combined_us_europe,standard_decade,population_log,notyettreated,30,-1.331406971881431,0.9403259153460173,-3.174445765959625,0.5116318221967628
stem_per_100k_pop,combined_us_europe,standard_decade,population_log,notyettreated,40,-1.3903805476442763,1.0265872090125108,-3.4024914773087973,0.6217303820202449
stem_per_100k_pop,combined_us_europe,standard_decade,population_log,notyettreated,50,-1.7443063656846773,1.1127931999183633,-3.9253810375246694,0.4367683061553149
stem_per_100k_pop,combined_us_europe,standard_decade,population_log,notyettreated,60,-1.9195365344671325,1.1360403404926114,-4.146175601832651,0.3071025328983856
stem_per_100k_pop,combined_us_europe,standard_decade,population_log,notyettreated,70,-2.114308277407448,1.1419714872271753,-4.3525723923727115,0.12395583755781558
n_inventors,combined_us_europe,standard_decade,population_log,notyettreated,-70,-10.168863319210732,5.968168910993904,-21.86647438475878,1.5287477463373182
n_inventors,combined_us_europe,standard_decade,population_log,notyettreated,-60,-8.711918447563171,4.396277211236791,-17.32862178158728,-0.09521511353906043
n_inventors,combined_us_europe,standard_decade,population_log,notyettreated,-50,-8.059707892534417,3.9792082611806974,-15.858956084448584,-0.2604597006202507
n_inventors,combined_us_europe,standard_decade,population_log,notyettreated,-40,-6.658129821970534,3.156124738297691,-12.844134309034008,-0.47212533490705955
n_inventors,combined_us_europe,standard_decade,population_log,notyettreated,-30,-4.354203936540249,3.1440920725301633,-10.516624398699369,1.808216525618871
n_inventors,combined_us_europe,standard_decade,population_log,notyettreated,-20,-3.1410430208873716,2.154078713516185,-7.363037299379094,1.080951257604351
n_inventors,combined_us_europe,standard_decade,population_log,notyettreated,-10,0,NA,NA,NA
n_inventors,combined_us_europe,standard_decade,population_log,notyettreated,0,1.6756818155012791,1.0012858327572327,-0.286838416702897,3.6382020477054553
n_inventors,combined_us_europe,standard_decade,population_log,notyettreated,10,5.3400111390074185,2.0266675574945476,1.3677427263181055,9.312279551696731
n_inventors,combined_us_europe,standard_decade,population_log,notyettreated,20,6.668060190778554,2.2861347704785895,2.187236040640519,11.14888434091659
n_inventors,combined_us_europe,standard_decade,population_log,notyettreated,30,11.91239017914219,3.233508655809034,5.574713213756484,18.250067144527897
n_inventors,combined_us_europe,standard_decade,population_log,notyettreated,40,19.02237677217977,4.890515893278036,9.436965621354817,28.60778792300472
n_inventors,combined_us_europe,standard_decade,population_log,notyettreated,50,20.12124365027857,5.996898522622919,8.367322545937647,31.87516475461949
n_inventors,combined_us_europe,standard_decade,population_log,notyettreated,60,21.224220234502532,4.9395908197174965,11.542622227856238,30.905818241148825
n_inventors,combined_us_europe,standard_decade,population_log,notyettreated,70,11.920523398312469,4.2932804801811315,3.505693657157451,20.335353139467486
log1p_n_inventors,combined_us_europe,standard_decade,population_log,notyettreated,-70,-0.7348838822849554,0.1317105625581272,-0.9930365848988847,-0.4767311796710261
log1p_n_inventors,combined_us_europe,standard_decade,population_log,notyettreated,-60,-0.4728408925301946,0.09874752483249415,-0.6663860412018832,-0.2792957438585061
log1p_n_inventors,combined_us_europe,standard_decade,population_log,notyettreated,-50,-0.4207038973800949,0.089128050082629,-0.5953948755420477,-0.24601291921814206
log1p_n_inventors,combined_us_europe,standard_decade,population_log,notyettreated,-40,-0.2857990456632756,0.08412980621098026,-0.4506934658367969,-0.12090462548975425
log1p_n_inventors,combined_us_europe,standard_decade,population_log,notyettreated,-30,-0.1268753542162976,0.08493338091289872,-0.2933447808055791,0.0395940723729839
log1p_n_inventors,combined_us_europe,standard_decade,population_log,notyettreated,-20,-0.004013153188970776,0.06992423044934579,-0.1410646448696885,0.13303833849174695
log1p_n_inventors,combined_us_europe,standard_decade,population_log,notyettreated,-10,0,NA,NA,NA
log1p_n_inventors,combined_us_europe,standard_decade,population_log,notyettreated,0,0.0492955660611792,0.06883416314087076,-0.0856193936949275,0.18421052581728592
log1p_n_inventors,combined_us_europe,standard_decade,population_log,notyettreated,10,0.20510490124977163,0.061327075558167854,0.08490383315576264,0.32530596934378064
log1p_n_inventors,combined_us_europe,standard_decade,population_log,notyettreated,20,0.18882099218141696,0.07378282981251023,0.044206645748896906,0.33343533861393704
log1p_n_inventors,combined_us_europe,standard_decade,population_log,notyettreated,30,0.42677605414584374,0.0879055454463868,0.2544811850709256,0.5990709232207618
log1p_n_inventors,combined_us_europe,standard_decade,population_log,notyettreated,40,0.5032350277173374,0.10264271980441275,0.30205529690068844,0.7044147585339864
log1p_n_inventors,combined_us_europe,standard_decade,population_log,notyettreated,50,0.6214498980018864,0.09505595574443984,0.43514022474278435,0.8077595712609885
log1p_n_inventors,combined_us_europe,standard_decade,population_log,notyettreated,60,0.6304526907248401,0.10916127449335665,0.4164965927178611,0.8444087887318191
log1p_n_inventors,combined_us_europe,standard_decade,population_log,notyettreated,70,0.3840819247468901,0.12677463172726816,0.13560364656144452,0.6325602029323357
n_stem,combined_us_europe,standard_decade,population_log,notyettreated,-70,-4.055172215051843,2.0316999738852095,-8.037304163866853,-0.07304026623683235
n_stem,combined_us_europe,standard_decade,population_log,notyettreated,-60,-3.299181311874543,1.4524837609088619,-6.146049483255912,-0.4523131404931737
n_stem,combined_us_europe,standard_decade,population_log,notyettreated,-50,-3.3864951756334163,1.5349085254841879,-6.394915885582424,-0.37807446568440817
n_stem,combined_us_europe,standard_decade,population_log,notyettreated,-40,-2.339028565251405,1.1478996740680059,-4.5889119264246965,-0.08914520407811377
n_stem,combined_us_europe,standard_decade,population_log,notyettreated,-30,-1.264359636927854,0.7163286893817681,-2.6683638681161197,0.13964459426041143
n_stem,combined_us_europe,standard_decade,population_log,notyettreated,-20,-1.029008015448674,0.7447029291676527,-2.4886257566172736,0.4306097257199253
n_stem,combined_us_europe,standard_decade,population_log,notyettreated,-10,0,NA,NA,NA
n_stem,combined_us_europe,standard_decade,population_log,notyettreated,0,1.005851293271236,0.6188896204812955,-0.20717236287210317,2.218874949414575
n_stem,combined_us_europe,standard_decade,population_log,notyettreated,10,2.5337426246325623,0.9328235439097313,0.705408478569489,4.362076770695635
n_stem,combined_us_europe,standard_decade,population_log,notyettreated,20,2.959338419240241,1.1010560345147786,0.801268591591275,5.117408246889207
n_stem,combined_us_europe,standard_decade,population_log,notyettreated,30,4.809607950032507,1.3447993707902355,2.1738011832836452,7.445414716781368
n_stem,combined_us_europe,standard_decade,population_log,notyettreated,40,7.535544198688728,2.217717891024817,3.1888171322800876,11.88227126509737
n_stem,combined_us_europe,standard_decade,population_log,notyettreated,50,7.3491004072992965,2.073537696127702,3.2849665228890004,11.413234291709593
n_stem,combined_us_europe,standard_decade,population_log,notyettreated,60,7.078388341582674,2.058336524366487,3.0440487538243595,11.112727929340988
n_stem,combined_us_europe,standard_decade,population_log,notyettreated,70,3.1295474044189,1.4657888029087482,0.25660135071775336,6.002493458120046
log1p_n_stem,combined_us_europe,standard_decade,population_log,notyettreated,-70,-0.6310276991992902,0.11768234553058035,-0.8616850964392277,-0.40037030195935275
log1p_n_stem,combined_us_europe,standard_decade,population_log,notyettreated,-60,-0.41585155953136815,0.09895125244741111,-0.6097960143282939,-0.2219071047344424
log1p_n_stem,combined_us_europe,standard_decade,population_log,notyettreated,-50,-0.44796242835039657,0.10557561674523096,-0.6548906371710492,-0.2410342195297439
log1p_n_stem,combined_us_europe,standard_decade,population_log,notyettreated,-40,-0.20092254035242416,0.07821945822262961,-0.3542326784687782,-0.047612402236070106
log1p_n_stem,combined_us_europe,standard_decade,population_log,notyettreated,-30,-0.06769047091427485,0.08388789267694947,-0.23211074056109582,0.09672979873254611
log1p_n_stem,combined_us_europe,standard_decade,population_log,notyettreated,-20,-0.02267465294979189,0.07698384697889418,-0.17356299302842448,0.12821368712884068
log1p_n_stem,combined_us_europe,standard_decade,population_log,notyettreated,-10,0,NA,NA,NA
log1p_n_stem,combined_us_europe,standard_decade,population_log,notyettreated,0,0.1053517915696857,0.07184912832881156,-0.03547249995478495,0.24617608309415634
log1p_n_stem,combined_us_europe,standard_decade,population_log,notyettreated,10,0.218848465185806,0.07728844304807038,0.06736311681158805,0.37033381356002393
log1p_n_stem,combined_us_europe,standard_decade,population_log,notyettreated,20,0.17874833860387979,0.08815151701314614,0.00597136525811337,0.3515253119496462
log1p_n_stem,combined_us_europe,standard_decade,population_log,notyettreated,30,0.4199095399897649,0.0955392553154235,0.23265259957153483,0.6071664804079949
log1p_n_stem,combined_us_europe,standard_decade,population_log,notyettreated,40,0.4257904555738094,0.1029130724798696,0.224080833513265,0.6275000776343538
log1p_n_stem,combined_us_europe,standard_decade,population_log,notyettreated,50,0.4931386899770756,0.10324951482783194,0.290769640914525,0.6955077390396263
log1p_n_stem,combined_us_europe,standard_decade,population_log,notyettreated,60,0.5138136490630644,0.09754119933999762,0.32263289835666903,0.7049943997694597
log1p_n_stem,combined_us_europe,standard_decade,population_log,notyettreated,70,0.27764497406954186,0.11357570472124433,0.05503659281590298,0.5002533553231807
inventors_per_100k_pop,combined_us_europe,alternative_decade,population_log,notyettreated,-70,-0.5404617924439215,2.0945155953162997,-4.645712359263869,3.5647887743760256
inventors_per_100k_pop,combined_us_europe,alternative_decade,population_log,notyettreated,-60,0.34354015026568807,1.847611553560132,-3.2777784947121704,3.964858795243547
inventors_per_100k_pop,combined_us_europe,alternative_decade,population_log,notyettreated,-50,0.1521174839324108,1.322820410220999,-2.4406105201007473,2.7448454879655686
inventors_per_100k_pop,combined_us_europe,alternative_decade,population_log,notyettreated,-40,0.07967798738642347,1.1642213996112678,-2.2021959558516615,2.3615519306245085
inventors_per_100k_pop,combined_us_europe,alternative_decade,population_log,notyettreated,-30,2.826024418545317,1.6237392795992598,-0.35650456946923237,6.008553406559866
inventors_per_100k_pop,combined_us_europe,alternative_decade,population_log,notyettreated,-20,1.1566893971230128,1.3028488435043497,-1.3968943361455124,3.710273130391538
inventors_per_100k_pop,combined_us_europe,alternative_decade,population_log,notyettreated,-10,0,NA,NA,NA
inventors_per_100k_pop,combined_us_europe,alternative_decade,population_log,notyettreated,0,0.14277922011088992,0.5348270835593897,-0.9054818636655138,1.1910403038872936
inventors_per_100k_pop,combined_us_europe,alternative_decade,population_log,notyettreated,10,-1.7383623845929002,1.0172077430155002,-3.7320895609032805,0.25536479171748017
inventors_per_100k_pop,combined_us_europe,alternative_decade,population_log,notyettreated,20,-2.9931530446223347,1.3317026545027777,-5.603290247447779,-0.3830158417968903
inventors_per_100k_pop,combined_us_europe,alternative_decade,population_log,notyettreated,30,-3.035493048550416,1.467186450681688,-5.911178491886524,-0.15980760521430737
inventors_per_100k_pop,combined_us_europe,alternative_decade,population_log,notyettreated,40,-3.2901412311758054,1.629885430485861,-6.484716674928093,-0.09556578742351807
inventors_per_100k_pop,combined_us_europe,alternative_decade,population_log,notyettreated,50,-3.3185294628602744,1.6573082788155802,-6.566853689338812,-0.07020523638173737
inventors_per_100k_pop,combined_us_europe,alternative_decade,population_log,notyettreated,60,-3.956475775239392,1.6121494756398576,-7.116288747493513,-0.7966628029852711
inventors_per_100k_pop,combined_us_europe,alternative_decade,population_log,notyettreated,70,-4.458727550598916,1.7652570459755537,-7.918631360711002,-0.9988237404868312
stem_per_100k_pop,combined_us_europe,alternative_decade,population_log,notyettreated,-70,-0.17957359998148836,0.8557562621217891,-1.8568558737401952,1.4977086737772183
stem_per_100k_pop,combined_us_europe,alternative_decade,population_log,notyettreated,-60,0.4423225301944645,0.7009080169164842,-0.9314571829618445,1.8161022433507734
stem_per_100k_pop,combined_us_europe,alternative_decade,population_log,notyettreated,-50,-0.1485072005726323,0.5150771293171652,-1.158058374034276,0.8610439728890115
stem_per_100k_pop,combined_us_europe,alternative_decade,population_log,notyettreated,-40,0.5359087974450747,0.5466583224231529,-0.535541514504305,1.6073591093944544
stem_per_100k_pop,combined_us_europe,alternative_decade,population_log,notyettreated,-30,1.4596430428191078,0.7639118667839977,-0.03762421607752753,2.956910301715743
stem_per_100k_pop,combined_us_europe,alternative_decade,population_log,notyettreated,-20,0.5273479482958175,0.6840586665750964,-0.8134070381913713,1.8681029347830065
stem_per_100k_pop,combined_us_europe,alternative_decade,population_log,notyettreated,-10,0,NA,NA,NA
stem_per_100k_pop,combined_us_europe,alternative_decade,population_log,notyettreated,0,0.686214980146014,0.5357020615405268,-0.3637610604734185,1.7361910207654465
stem_per_100k_pop,combined_us_europe,alternative_decade,population_log,notyettreated,10,-0.2834034241287554,0.44601624749251756,-1.1575952692140898,0.590788420956579
stem_per_100k_pop,combined_us_europe,alternative_decade,population_log,notyettreated,20,-0.7575792843685554,0.43731971968263095,-1.6147259349465122,0.09956736620940132
stem_per_100k_pop,combined_us_europe,alternative_decade,population_log,notyettreated,30,-0.8888824490471013,0.4537057647320984,-1.7781457479220142,3.8084982781150245e-4
stem_per_100k_pop,combined_us_europe,alternative_decade,population_log,notyettreated,40,-1.0882971073010381,0.5291523032845118,-2.1254356217386814,-0.05115859286339508
stem_per_100k_pop,combined_us_europe,alternative_decade,population_log,notyettreated,50,-1.1966196058904632,0.5852072539479202,-2.3436258236283867,-0.049613388152539795
stem_per_100k_pop,combined_us_europe,alternative_decade,population_log,notyettreated,60,-1.4931241240600845,0.5259396289710917,-2.523965796843424,-0.46228245127674494
stem_per_100k_pop,combined_us_europe,alternative_decade,population_log,notyettreated,70,-1.6826608390796205,0.5929982811126775,-2.8449374700604686,-0.5203842080987726
n_inventors,combined_us_europe,alternative_decade,population_log,notyettreated,-70,-11.243328126654665,5.409599826964813,-21.8461437875057,-0.6405124658036314
n_inventors,combined_us_europe,alternative_decade,population_log,notyettreated,-60,-9.057842954513655,4.459906930200014,-17.799260537705685,-0.3164253713216265
n_inventors,combined_us_europe,alternative_decade,population_log,notyettreated,-50,-8.212585578322326,3.7394268271968922,-15.541862159628234,-0.8833089970164174
n_inventors,combined_us_europe,alternative_decade,population_log,notyettreated,-40,-6.134455984668506,3.17902815545633,-12.365351169362913,0.0964392000259009
n_inventors,combined_us_europe,alternative_decade,population_log,notyettreated,-30,-4.232549063946392,3.020996172662246,-10.153701562364393,1.6886034344716103
n_inventors,combined_us_europe,alternative_decade,population_log,notyettreated,-20,-2.22950572045843,2.134418681250931,-6.412966335710255,1.953954894793395
n_inventors,combined_us_europe,alternative_decade,population_log,notyettreated,-10,0,NA,NA,NA
n_inventors,combined_us_europe,alternative_decade,population_log,notyettreated,0,3.6367312826793365,1.3597521063168856,0.971617154298241,6.301845411060432
n_inventors,combined_us_europe,alternative_decade,population_log,notyettreated,10,5.351666862968074,1.4810143921979435,2.4488786542601044,8.254455071676043
n_inventors,combined_us_europe,alternative_decade,population_log,notyettreated,20,7.941887202798339,2.3727921762423096,3.2912145373634125,12.592559868233266
n_inventors,combined_us_europe,alternative_decade,population_log,notyettreated,30,12.804427489891275,3.4473853044574954,6.047552293154584,19.561302686627965
n_inventors,combined_us_europe,alternative_decade,population_log,notyettreated,40,18.21791545935784,4.496551749121222,9.404674031080246,27.031156887635433
n_inventors,combined_us_europe,alternative_decade,population_log,notyettreated,50,23.696971853156985,6.535036500566844,10.88830031204597,36.505643394268
n_inventors,combined_us_europe,alternative_decade,population_log,notyettreated,60,19.537103758437336,3.826274377642304,12.037605978258421,27.036601538616253
n_inventors,combined_us_europe,alternative_decade,population_log,notyettreated,70,15.030731656275405,5.243728708264364,4.753023388077251,25.30843992447356
log1p_n_inventors,combined_us_europe,alternative_decade,population_log,notyettreated,-70,-0.6836680960512563,0.1352325051013777,-0.9487238060499565,-0.4186123860525561
log1p_n_inventors,combined_us_europe,alternative_decade,population_log,notyettreated,-60,-0.47900457246833195,0.12056014420518879,-0.715302455110502,-0.24270668982616192
log1p_n_inventors,combined_us_europe,alternative_decade,population_log,notyettreated,-50,-0.3515771308917874,0.08705639360796653,-0.5222076623634018,-0.18094659942017297
log1p_n_inventors,combined_us_europe,alternative_decade,population_log,notyettreated,-40,-0.2831200747835245,0.09100836417813703,-0.4614964685726731,-0.10474368099437595
log1p_n_inventors,combined_us_europe,alternative_decade,population_log,notyettreated,-30,-0.06859675933581272,0.080162524917742,-0.22571530817458704,0.0885217895029616
log1p_n_inventors,combined_us_europe,alternative_decade,population_log,notyettreated,-20,0.004483792707205788,0.06679352494356827,-0.12643151618218804,0.1353991015965996
log1p_n_inventors,combined_us_europe,alternative_decade,population_log,notyettreated,-10,0,NA,NA,NA
log1p_n_inventors,combined_us_europe,alternative_decade,population_log,notyettreated,0,0.15494715365080067,0.06801260481668195,0.021642448210104054,0.2882518590914973
log1p_n_inventors,combined_us_europe,alternative_decade,population_log,notyettreated,10,0.2101412638092658,0.06341906008888934,0.08583990603504268,0.3344426215834889
log1p_n_inventors,combined_us_europe,alternative_decade,population_log,notyettreated,20,0.25552676568756305,0.08176923312446117,0.09525906876361914,0.415794462611507
log1p_n_inventors,combined_us_europe,alternative_decade,population_log,notyettreated,30,0.43247459239594366,0.08921738284695718,0.25760852201590756,0.6073406627759798
log1p_n_inventors,combined_us_europe,alternative_decade,population_log,notyettreated,40,0.5058882593496093,0.10265007069356505,0.30469412079022185,0.7070823979089969
log1p_n_inventors,combined_us_europe,alternative_decade,population_log,notyettreated,50,0.6520451679529913,0.09269540930867332,0.4703621657079916,0.833728170197991
log1p_n_inventors,combined_us_europe,alternative_decade,population_log,notyettreated,60,0.6026039787060535,0.10936911454676675,0.3882405141943907,0.8169674432177163
log1p_n_inventors,combined_us_europe,alternative_decade,population_log,notyettreated,70,0.4375853945486747,0.132596678680372,0.17769590433514554,0.6974748847622039
n_stem,combined_us_europe,alternative_decade,population_log,notyettreated,-70,-4.580786311051844,1.905789102596406,-8.3161329521408,-0.8454396699628881
n_stem,combined_us_europe,alternative_decade,population_log,notyettreated,-60,-3.5385522708444643,1.430069914162376,-6.341489302602721,-0.7356152390862074
n_stem,combined_us_europe,alternative_decade,population_log,notyettreated,-50,-3.446187534373795,1.4877487476273066,-6.3621750797233165,-0.5301999890242741
n_stem,combined_us_europe,alternative_decade,population_log,notyettreated,-40,-2.0347650015986156,1.2341101094529396,-4.453620816126377,0.3840908129291458
n_stem,combined_us_europe,alternative_decade,population_log,notyettreated,-30,-1.1797471187508917,0.7055338030703526,-2.5625933727687826,0.20309913526699952
n_stem,combined_us_europe,alternative_decade,population_log,notyettreated,-20,-0.6699378496441325,0.7876755668499259,-2.213781960669987,0.8739062613817222
n_stem,combined_us_europe,alternative_decade,population_log,notyettreated,-10,0,NA,NA,NA
n_stem,combined_us_europe,alternative_decade,population_log,notyettreated,0,1.8745433306167014,0.6211273568133437,0.6571337112625477,3.091952949970855
n_stem,combined_us_europe,alternative_decade,population_log,notyettreated,10,2.407569374613728,0.7604873795491645,0.9170141106973657,3.8981246385300903
n_stem,combined_us_europe,alternative_decade,population_log,notyettreated,20,3.630100480019577,1.063423474987536,1.5457904690440065,5.714410490995148
n_stem,combined_us_europe,alternative_decade,population_log,notyettreated,30,5.142839104130395,1.5128086260648264,2.177734197043336,8.107944011217455
n_stem,combined_us_europe,alternative_decade,population_log,notyettreated,40,6.913367934705145,2.230394450169476,2.5417948123729728,11.284941057037319
n_stem,combined_us_europe,alternative_decade,population_log,notyettreated,50,9.004554649199756,2.347093488481522,4.404251411775973,13.604857886623538
n_stem,combined_us_europe,alternative_decade,population_log,notyettreated,60,6.3871621374190015,1.5962821381328531,3.2584491466786094,9.515875128159394
n_stem,combined_us_europe,alternative_decade,population_log,notyettreated,70,4.15003345833567,2.3854895811306482,-0.5255261206804,8.82559303735174
log1p_n_stem,combined_us_europe,alternative_decade,population_log,notyettreated,-70,-0.5601084211623005,0.11209773626234407,-0.7798199842364949,-0.34039685808810616
log1p_n_stem,combined_us_europe,alternative_decade,population_log,notyettreated,-60,-0.4113326076171509,0.09474642344720222,-0.5970355975736672,-0.22562961766063455
log1p_n_stem,combined_us_europe,alternative_decade,population_log,notyettreated,-50,-0.3900265922229673,0.08985058204819459,-0.5661337330374288,-0.21391945140850593
log1p_n_stem,combined_us_europe,alternative_decade,population_log,notyettreated,-40,-0.16462250000961812,0.07827257836732172,-0.31803675360956873,-0.011208246409667527
log1p_n_stem,combined_us_europe,alternative_decade,population_log,notyettreated,-30,-0.02767476117154446,0.0836585563790597,-0.19164553167450146,0.13629600933141253
log1p_n_stem,combined_us_europe,alternative_decade,population_log,notyettreated,-20,-0.011175237895429107,0.08131526496811596,-0.17055315723293638,0.14820268144207818
log1p_n_stem,combined_us_europe,alternative_decade,population_log,notyettreated,-10,0,NA,NA,NA
log1p_n_stem,combined_us_europe,alternative_decade,population_log,notyettreated,0,0.19192256887644515,0.06808122121470621,0.058483375295620976,0.32536176245726933
log1p_n_stem,combined_us_europe,alternative_decade,population_log,notyettreated,10,0.21064060176629357,0.07440683953174868,0.06480319628406617,0.35647800724852097
log1p_n_stem,combined_us_europe,alternative_decade,population_log,notyettreated,20,0.2873992439333997,0.09075467495222479,0.10952008102703914,0.4652784068397603
log1p_n_stem,combined_us_europe,alternative_decade,population_log,notyettreated,30,0.41725561693453583,0.10417045259956043,0.2130815298393974,0.6214297040296742
log1p_n_stem,combined_us_europe,alternative_decade,population_log,notyettreated,40,0.4327312879367683,0.08816828511466483,0.2599214491120252,0.6055411267615114
log1p_n_stem,combined_us_europe,alternative_decade,population_log,notyettreated,50,0.5472144491364218,0.0980485272558307,0.35503933571499363,0.7393895625578499
log1p_n_stem,combined_us_europe,alternative_decade,population_log,notyettreated,60,0.5017316534086909,0.09935127211522113,0.30700316006285744,0.6964601467545243
log1p_n_stem,combined_us_europe,alternative_decade,population_log,notyettreated,70,0.29230200253457983,0.1253691169801232,0.046578533253538335,0.5380254718156213
inventors_per_100k_pop,europe_city_only,standard_decade,population_log,notyettreated,-70,-2.438139648249344,3.0725034400582034,-8.460246390763423,3.5839670942647346
inventors_per_100k_pop,europe_city_only,standard_decade,population_log,notyettreated,-60,-0.7980962528681678,2.2460668103082266,-5.200387201072291,3.604194695335956
inventors_per_100k_pop,europe_city_only,standard_decade,population_log,notyettreated,-50,-0.7176616961151736,1.6380214298174405,-3.928183698557357,2.49286030632701
inventors_per_100k_pop,europe_city_only,standard_decade,population_log,notyettreated,-40,-0.40513002043226554,1.389883599324457,-3.129301875108201,2.31904183424367
inventors_per_100k_pop,europe_city_only,standard_decade,population_log,notyettreated,-30,1.4202058084521083,0.9942780500267758,-0.5285791696003723,3.3689907865045887
inventors_per_100k_pop,europe_city_only,standard_decade,population_log,notyettreated,-20,-0.09191612234334041,0.9254936355040263,-1.905883647931232,1.722051403244551
inventors_per_100k_pop,europe_city_only,standard_decade,population_log,notyettreated,-10,0,NA,NA,NA
inventors_per_100k_pop,europe_city_only,standard_decade,population_log,notyettreated,0,-0.4380886483963352,0.6619177833512486,-1.7354475037647825,0.859270206972112
inventors_per_100k_pop,europe_city_only,standard_decade,population_log,notyettreated,10,-1.093615721628943,0.86239195689646,-2.7839039571460047,0.5966725138881184
inventors_per_100k_pop,europe_city_only,standard_decade,population_log,notyettreated,20,-2.6667369523905524,1.216960864014172,-5.05198024585833,-0.2814936589227752
inventors_per_100k_pop,europe_city_only,standard_decade,population_log,notyettreated,30,-2.812118413554945,1.1441753702965534,-5.0547021393361895,-0.5695346877737002
inventors_per_100k_pop,europe_city_only,standard_decade,population_log,notyettreated,40,-2.755087154797507,1.3621708899516647,-5.42494209910277,-0.08523221049224405
inventors_per_100k_pop,europe_city_only,standard_decade,population_log,notyettreated,50,-3.135769486338713,1.3746276129543238,-5.830039607729187,-0.4414993649482386
inventors_per_100k_pop,europe_city_only,standard_decade,population_log,notyettreated,60,-3.5337938484649474,1.3708813009059182,-6.220721198240547,-0.8468664986893479
inventors_per_100k_pop,europe_city_only,standard_decade,population_log,notyettreated,70,-4.123201969283612,1.4005956579656127,-6.868369458896213,-1.3780344796710113
stem_per_100k_pop,europe_city_only,standard_decade,population_log,notyettreated,-70,-1.0667434252925432,0.737196034770698,-2.511647653443111,0.3781608028580248
stem_per_100k_pop,europe_city_only,standard_decade,population_log,notyettreated,-60,-0.09775946823035593,0.7470442077077524,-1.5619661153375506,1.3664471788768386
stem_per_100k_pop,europe_city_only,standard_decade,population_log,notyettreated,-50,-0.8457951972524111,0.6683675311912671,-2.155795558387295,0.46420516388247246
stem_per_100k_pop,europe_city_only,standard_decade,population_log,notyettreated,-40,0.32151738685038006,0.6222949766248665,-0.8981807673343585,1.5412155410351185
stem_per_100k_pop,europe_city_only,standard_decade,population_log,notyettreated,-30,0.9270563102727256,0.6090657258952491,-0.2667125124819627,2.120825133027414
stem_per_100k_pop,europe_city_only,standard_decade,population_log,notyettreated,-20,-0.1132584483717339,0.5460246249536527,-1.1834667132808931,0.9569498165374254
stem_per_100k_pop,europe_city_only,standard_decade,population_log,notyettreated,-10,0,NA,NA,NA
stem_per_100k_pop,europe_city_only,standard_decade,population_log,notyettreated,0,0.3249183017542343,0.4618029278101523,-0.5802154367536642,1.2300520402621329
stem_per_100k_pop,europe_city_only,standard_decade,population_log,notyettreated,10,-0.11655015190789081,0.49018342484148564,-1.0773096645972027,0.844209360781421
stem_per_100k_pop,europe_city_only,standard_decade,population_log,notyettreated,20,-0.7527450872718063,0.4716584686709654,-1.6771956858668986,0.17170551132328582
stem_per_100k_pop,europe_city_only,standard_decade,population_log,notyettreated,30,-0.923053698511155,0.37857575740712973,-1.6650621830291295,-0.18104521399318074
stem_per_100k_pop,europe_city_only,standard_decade,population_log,notyettreated,40,-0.863013635674624,0.41881735362818817,-1.6838956487858727,-0.042131622563375215
stem_per_100k_pop,europe_city_only,standard_decade,population_log,notyettreated,50,-1.367262841512985,0.3823160656666953,-2.116602330219708,-0.6179233528062623
stem_per_100k_pop,europe_city_only,standard_decade,population_log,notyettreated,60,-1.4046015983329148,0.38601974133190253,-2.1612002913434436,-0.6480029053223858
stem_per_100k_pop,europe_city_only,standard_decade,population_log,notyettreated,70,-1.5792171865442706,0.49447933864945,-2.5483966902971926,-0.6100376827913486
n_inventors,europe_city_only,standard_decade,population_log,notyettreated,-70,-12.231803218864464,8.153412481670774,-28.21249168293918,3.7488852452102535
n_inventors,europe_city_only,standard_decade,population_log,notyettreated,-60,-9.836481141748678,5.604010051787167,-20.820340843251525,1.14737855975417
n_inventors,europe_city_only,standard_decade,population_log,notyettreated,-50,-8.97270164814017,4.799322376519184,-18.379373506117773,0.4339702098374314
n_inventors,europe_city_only,standard_decade,population_log,notyettreated,-40,-7.550086072244547,3.9383577367504996,-15.269267236275525,0.16909509178643223
n_inventors,europe_city_only,standard_decade,population_log,notyettreated,-30,-4.942513008388054,4.008830974171258,-12.79982171776372,2.9147957009876118
n_inventors,europe_city_only,standard_decade,population_log,notyettreated,-20,-3.9988843551912803,2.597592029155427,-9.090164732335918,1.0923960219533564
n_inventors,europe_city_only,standard_decade,population_log,notyettreated,-10,0,NA,NA,NA
n_inventors,europe_city_only,standard_decade,population_log,notyettreated,0,1.5966818097687234,1.0714498575464655,-0.5033599110223488,3.6967235305597956
n_inventors,europe_city_only,standard_decade,population_log,notyettreated,10,5.308843498755081,2.4687117834727674,0.470168403148457,10.147518594361706
n_inventors,europe_city_only,standard_decade,population_log,notyettreated,20,6.570647603882383,2.5131034112108046,1.6449649179092063,11.49633028985556
n_inventors,europe_city_only,standard_decade,population_log,notyettreated,30,10.347074697110596,3.362934658845702,3.7557227657730197,16.938426628448173
n_inventors,europe_city_only,standard_decade,population_log,notyettreated,40,17.727788157415898,5.226309130578359,7.484222261482314,27.97135405334948
n_inventors,europe_city_only,standard_decade,population_log,notyettreated,50,17.945414513734622,7.741926661261154,2.7712382576627608,33.119590769806486
n_inventors,europe_city_only,standard_decade,population_log,notyettreated,60,20.249535600462696,6.458634628252639,7.590611729087524,32.90845947183787
n_inventors,europe_city_only,standard_decade,population_log,notyettreated,70,11.525053593933897,4.694158274362212,2.324503376183962,20.725603811683833
log1p_n_inventors,europe_city_only,standard_decade,population_log,notyettreated,-70,-0.6609098313098399,0.16983733879811241,-0.9937910153541403,-0.3280286472655396
log1p_n_inventors,europe_city_only,standard_decade,population_log,notyettreated,-60,-0.3797286891925258,0.11786927861722783,-0.6107524752822924,-0.14870490310275924
log1p_n_inventors,europe_city_only,standard_decade,population_log,notyettreated,-50,-0.3605400199349184,0.1001611646410475,-0.5568559026313715,-0.1642241372384653
log1p_n_inventors,europe_city_only,standard_decade,population_log,notyettreated,-40,-0.23137109560896219,0.08179232227524538,-0.39168404726844314,-0.07105814394948123
log1p_n_inventors,europe_city_only,standard_decade,population_log,notyettreated,-30,-0.05867448252637991,0.10151125837595187,-0.2576365489432456,0.14028758389048576
log1p_n_inventors,europe_city_only,standard_decade,population_log,notyettreated,-20,-0.03792615470708554,0.07396100278658471,-0.18288972016879157,0.10703741075462048
log1p_n_inventors,europe_city_only,standard_decade,population_log,notyettreated,-10,0,NA,NA,NA
log1p_n_inventors,europe_city_only,standard_decade,population_log,notyettreated,0,0.01387687839269477,0.078492418861142,-0.13996826257514355,0.1677220193605331
log1p_n_inventors,europe_city_only,standard_decade,population_log,notyettreated,10,0.1933447982048653,0.07186415730331781,0.05249104989036238,0.3341985465193682
log1p_n_inventors,europe_city_only,standard_decade,population_log,notyettreated,20,0.15691700106179093,0.08583167885538764,-0.011313089494768835,0.3251470916183507
log1p_n_inventors,europe_city_only,standard_decade,population_log,notyettreated,30,0.3226568050206546,0.09551717164076491,0.13544314860475537,0.5098704614365538
log1p_n_inventors,europe_city_only,standard_decade,population_log,notyettreated,40,0.42966137757459166,0.10718376709159719,0.2195811940750612,0.6397415610741222
log1p_n_inventors,europe_city_only,standard_decade,population_log,notyettreated,50,0.5241750948837838,0.09308514558154288,0.34172820954395977,0.7066219802236078
log1p_n_inventors,europe_city_only,standard_decade,population_log,notyettreated,60,0.5433618970392406,0.12367406539688325,0.3009607288613495,0.7857630652171318
log1p_n_inventors,europe_city_only,standard_decade,population_log,notyettreated,70,0.3985080199272426,0.14905555151092173,0.10635913896583604,0.6906569008886492
n_stem,europe_city_only,standard_decade,population_log,notyettreated,-70,-4.860482216780709,2.7124973562794543,-10.17697703508844,0.4560126015270214
n_stem,europe_city_only,standard_decade,population_log,notyettreated,-60,-3.6295581061372184,1.8908628779088752,-7.335649346838614,0.0765331345641771
n_stem,europe_city_only,standard_decade,population_log,notyettreated,-50,-3.8940915028135237,1.9450284045928163,-7.706347175815443,-0.08183582981160376
n_stem,europe_city_only,standard_decade,population_log,notyettreated,-40,-2.62577746856755,1.4964109969760109,-5.558743022640531,0.3071880855054312
n_stem,europe_city_only,standard_decade,population_log,notyettreated,-30,-1.3843614756543003,0.8926746101932995,-3.1340037116331674,0.3652807603245667
n_stem,europe_city_only,standard_decade,population_log,notyettreated,-20,-1.5490106897362006,0.9007437287584408,-3.3144683981027443,0.21644701863034332
n_stem,europe_city_only,standard_decade,population_log,notyettreated,-10,0,NA,NA,NA
n_stem,europe_city_only,standard_decade,population_log,notyettreated,0,0.801845952516859,0.6086093248102358,-0.39102832411120303,1.9947202291449209
n_stem,europe_city_only,standard_decade,population_log,notyettreated,10,2.4691110826174527,1.1175955183575992,0.27862386663655814,4.659598298598347
n_stem,europe_city_only,standard_decade,population_log,notyettreated,20,2.744186017143923,1.0591047323832001,0.6683407416728508,4.8200312926149955
n_stem,europe_city_only,standard_decade,population_log,notyettreated,30,3.821257987208453,1.3529788064125574,1.1694195266398406,6.473096447777065
n_stem,europe_city_only,standard_decade,population_log,notyettreated,40,6.737044714377138,2.3333055505905893,2.163765835219583,11.310323593534694
n_stem,europe_city_only,standard_decade,population_log,notyettreated,50,5.593966316579853,2.1227833499245814,1.4333109507276731,9.754621682432033
n_stem,europe_city_only,standard_decade,population_log,notyettreated,60,6.167629113498909,2.3091218730827707,1.6417502422566779,10.693507984741139
n_stem,europe_city_only,standard_decade,population_log,notyettreated,70,2.5230828580367968,1.5354747643430304,-0.4864476800755426,5.532613396149136
log1p_n_stem,europe_city_only,standard_decade,population_log,notyettreated,-70,-0.6461457417726806,0.1375151199353971,-0.9156753768460589,-0.37661610669930223
log1p_n_stem,europe_city_only,standard_decade,population_log,notyettreated,-60,-0.38073217457605407,0.10699260405206103,-0.5904376785180937,-0.17102667063401447
log1p_n_stem,europe_city_only,standard_decade,population_log,notyettreated,-50,-0.4792606375065377,0.11385260265379536,-0.7024117387079766,-0.2561095363050988
log1p_n_stem,europe_city_only,standard_decade,population_log,notyettreated,-40,-0.15496095891348924,0.08456468906326331,-0.3207077494774853,0.010785831650506839
log1p_n_stem,europe_city_only,standard_decade,population_log,notyettreated,-30,-0.036704765008412646,0.10386990242501201,-0.24028977376143618,0.1668802437446109
log1p_n_stem,europe_city_only,standard_decade,population_log,notyettreated,-20,-0.06284897044972625,0.09150990786607772,-0.24220838986723858,0.1165104489677861
log1p_n_stem,europe_city_only,standard_decade,population_log,notyettreated,-10,0,NA,NA,NA
log1p_n_stem,europe_city_only,standard_decade,population_log,notyettreated,0,0.087606960984261,0.08300011523006084,-0.07507326486665826,0.25028718683518025
log1p_n_stem,europe_city_only,standard_decade,population_log,notyettreated,10,0.19257110950366702,0.08254202506157293,0.03078874038298407,0.35435347862434996
log1p_n_stem,europe_city_only,standard_decade,population_log,notyettreated,20,0.18680999272483725,0.09762644781396437,-0.004537844990532919,0.37815783044020745
log1p_n_stem,europe_city_only,standard_decade,population_log,notyettreated,30,0.3023806852370007,0.08899087772025835,0.1279585649052943,0.476802805568707
log1p_n_stem,europe_city_only,standard_decade,population_log,notyettreated,40,0.37565090896445197,0.09117363820648486,0.19695057807974164,0.5543512398491623
log1p_n_stem,europe_city_only,standard_decade,population_log,notyettreated,50,0.3517323045805845,0.09610557109484472,0.16336538523468888,0.5400992239264801
log1p_n_stem,europe_city_only,standard_decade,population_log,notyettreated,60,0.4309106776963951,0.10728109458408118,0.22063973231159598,0.6411816230811942
log1p_n_stem,europe_city_only,standard_decade,population_log,notyettreated,70,0.288632504168728,0.12285076674308995,0.04784500135227168,0.5294200069851843
inventors_per_100k_pop,europe_city_only,alternative_decade,population_log,notyettreated,-70,-1.7747494680323856,2.7156542455244543,-7.097431789260316,3.547932853195545
inventors_per_100k_pop,europe_city_only,alternative_decade,population_log,notyettreated,-60,-0.6996638340217214,2.208172311408546,-5.027681564382471,3.6283538963390285
inventors_per_100k_pop,europe_city_only,alternative_decade,population_log,notyettreated,-50,-0.5561421257834436,1.456407577823903,-3.4107009783182933,2.298416726751406
inventors_per_100k_pop,europe_city_only,alternative_decade,population_log,notyettreated,-40,-0.4160006005208974,1.4212489723950923,-3.201648586415278,2.3696473853734834
inventors_per_100k_pop,europe_city_only,alternative_decade,population_log,notyettreated,-30,1.4829831141022696,0.9555170993809259,-0.38983040068434516,3.3557966288888843
inventors_per_100k_pop,europe_city_only,alternative_decade,population_log,notyettreated,-20,-0.1493387411914985,1.0102497522976497,-2.129428255694892,1.8307507733118948
inventors_per_100k_pop,europe_city_only,alternative_decade,population_log,notyettreated,-10,0,NA,NA,NA
inventors_per_100k_pop,europe_city_only,alternative_decade,population_log,notyettreated,0,-0.008459646965209688,0.6903792785530215,-1.3616030329291318,1.3446837389987125
inventors_per_100k_pop,europe_city_only,alternative_decade,population_log,notyettreated,10,-1.3284101626317315,0.767408523696437,-2.8325308690767477,0.17571054381328488
inventors_per_100k_pop,europe_city_only,alternative_decade,population_log,notyettreated,20,-2.6005459676099583,1.2469703968487704,-5.044607945433548,-0.15648398978636813
inventors_per_100k_pop,europe_city_only,alternative_decade,population_log,notyettreated,30,-2.706171971107594,1.2174241632002214,-5.092323330980028,-0.32002061123516023
inventors_per_100k_pop,europe_city_only,alternative_decade,population_log,notyettreated,40,-2.8246464854849163,1.3829013972431876,-5.535133224081564,-0.11415974688826847
inventors_per_100k_pop,europe_city_only,alternative_decade,population_log,notyettreated,50,-2.9704597639065504,1.4027130254074418,-5.719777293705136,-0.22114223410796452
inventors_per_100k_pop,europe_city_only,alternative_decade,population_log,notyettreated,60,-3.6618696570337543,1.4138766902433464,-6.433067969910713,-0.8906713441567953
inventors_per_100k_pop,europe_city_only,alternative_decade,population_log,notyettreated,70,-4.016957756309464,1.5859593496032192,-7.125438081531773,-0.908477431087154
stem_per_100k_pop,europe_city_only,alternative_decade,population_log,notyettreated,-70,-0.9446207580859582,0.7574171357858248,-2.429158344226175,0.5399168280542583
stem_per_100k_pop,europe_city_only,alternative_decade,population_log,notyettreated,-60,-0.23585058300447886,0.7328537359302584,-1.6722439054277851,1.2005427394188275
stem_per_100k_pop,europe_city_only,alternative_decade,population_log,notyettreated,-50,-0.6754077987085857,0.6531466613367772,-1.955575254928669,0.6047596575114976
stem_per_100k_pop,europe_city_only,alternative_decade,population_log,notyettreated,-40,0.40841655947947875,0.6123294637769692,-0.7917491895233809,1.6085823084823385
stem_per_100k_pop,europe_city_only,alternative_decade,population_log,notyettreated,-30,0.6900671458954574,0.6179460915424323,-0.52110719352771,1.9012414853186246
stem_per_100k_pop,europe_city_only,alternative_decade,population_log,notyettreated,-20,-0.08832362490002574,0.5370937997416657,-1.1410274723936904,0.964380222593639
stem_per_100k_pop,europe_city_only,alternative_decade,population_log,notyettreated,-10,0,NA,NA,NA
stem_per_100k_pop,europe_city_only,alternative_decade,population_log,notyettreated,0,0.2762010080234107,0.4531007407810232,-0.6118764439073947,1.1642784599542162
stem_per_100k_pop,europe_city_only,alternative_decade,population_log,notyettreated,10,-0.15421037238054489,0.5101348629698734,-1.1540747038014967,0.845653959040407
stem_per_100k_pop,europe_city_only,alternative_decade,population_log,notyettreated,20,-0.7147177038648825,0.49575966866125476,-1.6864066544409417,0.25697124671117677
stem_per_100k_pop,europe_city_only,alternative_decade,population_log,notyettreated,30,-0.9462097793072741,0.3936597896080566,-1.717782966939065,-0.17463659167548318
stem_per_100k_pop,europe_city_only,alternative_decade,population_log,notyettreated,40,-1.023177193089537,0.46729301149077956,-1.939071495611465,-0.10728289056760909
stem_per_100k_pop,europe_city_only,alternative_decade,population_log,notyettreated,50,-1.2560910608103992,0.41065283394944946,-2.0609706153513203,-0.45121150626947826
stem_per_100k_pop,europe_city_only,alternative_decade,population_log,notyettreated,60,-1.5222247929467272,0.4331610901452242,-2.3712205296313664,-0.6732290562620877
stem_per_100k_pop,europe_city_only,alternative_decade,population_log,notyettreated,70,-1.6258347390208512,0.595879429404164,-2.7937584206530124,-0.45791105738868976
n_inventors,europe_city_only,alternative_decade,population_log,notyettreated,-70,-13.287937613534785,7.173078246554548,-27.347170976781698,0.7712957497121273
n_inventors,europe_city_only,alternative_decade,population_log,notyettreated,-60,-10.23217967468662,5.259972979646109,-20.541726714792993,0.07736736541975375
n_inventors,europe_city_only,alternative_decade,population_log,notyettreated,-50,-9.283921159594216,4.282080643305998,-17.676799220473974,-0.8910430987144604
n_inventors,europe_city_only,alternative_decade,population_log,notyettreated,-40,-7.089110679093478,3.7663038368442394,-14.471066199308186,0.292844841121231
n_inventors,europe_city_only,alternative_decade,population_log,notyettreated,-30,-5.255086309853819,3.729432653069745,-12.564774309870518,2.0546016901628805
n_inventors,europe_city_only,alternative_decade,population_log,notyettreated,-20,-3.0483058377635546,2.6390168783114283,-8.220778919253954,2.124167243726845
n_inventors,europe_city_only,alternative_decade,population_log,notyettreated,-10,0,NA,NA,NA
n_inventors,europe_city_only,alternative_decade,population_log,notyettreated,0,3.5962396822663907,1.6010766071386475,0.4581295322746417,6.73434983225814
n_inventors,europe_city_only,alternative_decade,population_log,notyettreated,10,4.991692039831049,1.660044334192089,1.7380051448145548,8.245378934847544
n_inventors,europe_city_only,alternative_decade,population_log,notyettreated,20,7.330885900834326,2.6746313253290577,2.0886085031893726,12.57316329847928
n_inventors,europe_city_only,alternative_decade,population_log,notyettreated,30,10.9743104691966,3.396835704611597,4.316512488157871,17.63210845023533
n_inventors,europe_city_only,alternative_decade,population_log,notyettreated,40,16.427911024603034,5.033004908271256,6.563221404391374,26.292600644814694
n_inventors,europe_city_only,alternative_decade,population_log,notyettreated,50,21.94769317052252,7.506759473241542,7.2344446029690985,36.66094173807594
n_inventors,europe_city_only,alternative_decade,population_log,notyettreated,60,17.307459682913205,4.217128963981817,9.041886913508844,25.573032452317566
n_inventors,europe_city_only,alternative_decade,population_log,notyettreated,70,13.406579899030627,5.655340992517429,2.322111553696466,24.491048244364787
log1p_n_inventors,europe_city_only,alternative_decade,population_log,notyettreated,-70,-0.6002680266881079,0.14957478517049339,-0.8934346056222748,-0.3071014477539408
log1p_n_inventors,europe_city_only,alternative_decade,population_log,notyettreated,-60,-0.40765189306635696,0.1476386282422832,-0.697023604421232,-0.11828018171148191
log1p_n_inventors,europe_city_only,alternative_decade,population_log,notyettreated,-50,-0.2980732621460407,0.09546106636320656,-0.48517695221792556,-0.11096957207415584
log1p_n_inventors,europe_city_only,alternative_decade,population_log,notyettreated,-40,-0.2219591993534442,0.08841460684865826,-0.39525182877681436,-0.04866656993007401
log1p_n_inventors,europe_city_only,alternative_decade,population_log,notyettreated,-30,-0.0602158552088361,0.09173535446640874,-0.24001714996299722,0.11958543954532502
log1p_n_inventors,europe_city_only,alternative_decade,population_log,notyettreated,-20,-0.0315680242872055,0.07941675937856736,-0.18722487266919755,0.12408882409478653
log1p_n_inventors,europe_city_only,alternative_decade,population_log,notyettreated,-10,0,NA,NA,NA
log1p_n_inventors,europe_city_only,alternative_decade,population_log,notyettreated,0,0.1194835306956377,0.0804857251789693,-0.03826849065514214,0.27723555204641753
log1p_n_inventors,europe_city_only,alternative_decade,population_log,notyettreated,10,0.16894901509497914,0.06447953223724151,0.04256913190998579,0.2953288982799725
log1p_n_inventors,europe_city_only,alternative_decade,population_log,notyettreated,20,0.18974409181033533,0.08875739935503613,0.01577958907446453,0.36370859454620613
log1p_n_inventors,europe_city_only,alternative_decade,population_log,notyettreated,30,0.3312862723356446,0.09752622526163209,0.14013487082284573,0.5224376738484435
log1p_n_inventors,europe_city_only,alternative_decade,population_log,notyettreated,40,0.4233169835009266,0.10057786621099707,0.22618436572737236,0.6204496012744809
log1p_n_inventors,europe_city_only,alternative_decade,population_log,notyettreated,50,0.5648848505650848,0.09763938003800346,0.37351166569059796,0.7562580354395716
log1p_n_inventors,europe_city_only,alternative_decade,population_log,notyettreated,60,0.5504015697256447,0.11573257665737667,0.32356571947718643,0.777237419974103
log1p_n_inventors,europe_city_only,alternative_decade,population_log,notyettreated,70,0.395525573571829,0.1635410107454255,0.074985192510795,0.7160659546328629
n_stem,europe_city_only,alternative_decade,population_log,notyettreated,-70,-5.545195336090889,2.383913662501231,-10.217666114593301,-0.8727245575884766
n_stem,europe_city_only,alternative_decade,population_log,notyettreated,-60,-4.108659420463974,1.6092753281864085,-7.262839063709334,-0.9544797772186135
n_stem,europe_city_only,alternative_decade,population_log,notyettreated,-50,-3.9650055083469495,1.8946444166032963,-7.678508564889411,-0.2515024518044888
n_stem,europe_city_only,alternative_decade,population_log,notyettreated,-40,-2.3351298703897556,1.4660606507989853,-5.208608745955766,0.5383490051762556
n_stem,europe_city_only,alternative_decade,population_log,notyettreated,-30,-1.6712647178150843,0.8957126205521099,-3.42686145409722,0.08433201846705107
n_stem,europe_city_only,alternative_decade,population_log,notyettreated,-20,-1.1610501073698296,0.8904013328294886,-2.9062367197156274,0.5841365049759681
n_stem,europe_city_only,alternative_decade,population_log,notyettreated,-10,0,NA,NA,NA
n_stem,europe_city_only,alternative_decade,population_log,notyettreated,0,1.4501069049231423,0.6818449588970885,0.11369078548484879,2.786523024361436
n_stem,europe_city_only,alternative_decade,population_log,notyettreated,10,2.3223930030548487,0.8972955786493702,0.5636936689020833,4.081092337207615
n_stem,europe_city_only,alternative_decade,population_log,notyettreated,20,3.0058535560153614,0.9959602251683505,1.0537715146853945,4.957935597345328
n_stem,europe_city_only,alternative_decade,population_log,notyettreated,30,3.9300498295343353,1.4716691287314116,1.0455783372207685,6.814521321847902
n_stem,europe_city_only,alternative_decade,population_log,notyettreated,40,5.90384502131935,2.3900732045882287,1.2193015403264225,10.588388502312277
n_stem,europe_city_only,alternative_decade,population_log,notyettreated,50,7.460843387163541,2.4689016361649965,2.621796180280148,12.299890594046934
n_stem,europe_city_only,alternative_decade,population_log,notyettreated,60,4.7759589454965985,1.5029736030012977,1.8301306836140552,7.721787207379142
n_stem,europe_city_only,alternative_decade,population_log,notyettreated,70,3.1045195850658023,2.326604899265929,-1.4556260174954185,7.664665187627023
log1p_n_stem,europe_city_only,alternative_decade,population_log,notyettreated,-70,-0.5994217997958647,0.13729580876721184,-0.8685215849796,-0.3303220146121295
log1p_n_stem,europe_city_only,alternative_decade,population_log,notyettreated,-60,-0.4479427704504039,0.11359471973739668,-0.6705884211357014,-0.22529711976510644
log1p_n_stem,europe_city_only,alternative_decade,population_log,notyettreated,-50,-0.44306697245534055,0.10620251774415577,-0.6512239072338859,-0.23491003767679522
log1p_n_stem,europe_city_only,alternative_decade,population_log,notyettreated,-40,-0.13051247588754467,0.09413228922288347,-0.31501176276439624,0.05398681098930694
log1p_n_stem,europe_city_only,alternative_decade,population_log,notyettreated,-30,-0.08932100467550934,0.10346789892453491,-0.29211808656759775,0.11347607721657908
log1p_n_stem,europe_city_only,alternative_decade,population_log,notyettreated,-20,-0.0808208072482655,0.09890132596210119,-0.2746674061339838,0.11302579163745281
log1p_n_stem,europe_city_only,alternative_decade,population_log,notyettreated,-10,0,NA,NA,NA
log1p_n_stem,europe_city_only,alternative_decade,population_log,notyettreated,0,0.11062104316902996,0.0783289855118996,-0.04290376843429325,0.2641458547723532
log1p_n_stem,europe_city_only,alternative_decade,population_log,notyettreated,10,0.1776207696527436,0.088626175933203,0.003913464823665724,0.35132807448182146
log1p_n_stem,europe_city_only,alternative_decade,population_log,notyettreated,20,0.20980383728376925,0.09945368599313441,0.014874612737225817,0.40473306183031266
log1p_n_stem,europe_city_only,alternative_decade,population_log,notyettreated,30,0.27975962097029683,0.09502782413904769,0.09350508565776336,0.46601415628283027
log1p_n_stem,europe_city_only,alternative_decade,population_log,notyettreated,40,0.3242638868639171,0.09188377663118151,0.14417168466680136,0.5043560890610328
log1p_n_stem,europe_city_only,alternative_decade,population_log,notyettreated,50,0.40277516790465784,0.10542773039661887,0.19613681632728486,0.6094135194820308
log1p_n_stem,europe_city_only,alternative_decade,population_log,notyettreated,60,0.4003488661977165,0.09375613853553671,0.21658683466806453,0.5841108977273685
log1p_n_stem,europe_city_only,alternative_decade,population_log,notyettreated,70,0.23701869500343775,0.137064551671117,-0.03162782627195154,0.5056652162788271
