wikidata_code,birth,bplo1,bpla1,level1_main_occ,level3_main_occ,level3_all_occ,level3_occ,stem,GEOID,birth_decade,father_uri,father_occ,mother_uri,schools_uris,has_father,has_mother,has_school,has_father_occ
Q908642,1921,-87.6500473022461,41.85002899169922,Discovery/Science,chemist,D:_chemist_academic_P:_chemist_professor_English_chimiste_théoricien_professeur_French_chimico_Italian_chemiker_German,chemist,1,17031,1920,NA,NA,NA,http://www.wikidata.org/entity/Q49114|http://www.wikidata.org/entity/Q238101,FALSE,FALSE,TRUE,FALSE
Q1738659,1968,-75.16361236572266,39.95277786254883,Discovery/Science,mathematician,D:_mathematician_academic_P:_mathematician_professor_science_English_mathématicien_French_matematico_professore_matematica_Italian_mathematiker_German_matemátic_professor_ciência_Portuguese,mathematician,1,42101,1960,http://www.wikidata.org/entity/Q21176243,http://www.wikidata.org/entity/Q170790,NA,http://www.wikidata.org/entity/Q131252|http://www.wikidata.org/entity/Q174710|http://www.wikidata.org/entity/Q7830318,TRUE,FALSE,TRUE,TRUE
Q33114979,1916,-77.4366683959961,37.54083251953125,Discovery/Science,physicist,D:_physicist_P:_physicist_professor_faculty_English,physicist,1,51760,1910,NA,NA,NA,http://www.wikidata.org/entity/Q49115|http://www.wikidata.org/entity/Q1115878,FALSE,FALSE,TRUE,FALSE
Q6767783,1956,-87.94999694824219,43.04999923706055,Discovery/Science,engineer,D:_engineer_engineer_politician_P:_engineer_republican_assembly_English,engineer,1,55079,1950,NA,NA,NA,http://www.wikidata.org/entity/Q1755318,FALSE,FALSE,TRUE,FALSE
Q15449191,1856,-73.99028015136719,40.69277954101563,Discovery/Science,chemist,D:_chemist_academic_P:_chemiker_German_químic_Portuguese,chemist,1,36047,1850,NA,NA,NA,,FALSE,FALSE,FALSE,FALSE
Q6228551,1823,-81.3758316040039,40.80500030517578,Discovery/Science,inventor,D:_inventor_P:,inventor,1,39151,1820,NA,NA,NA,,FALSE,FALSE,FALSE,FALSE
Q764789,1954,-77.03666687011719,38.89500045776367,Discovery/Science,palaeontologist,D:_palaeontologist_illustrator_painter_scientist_illustrator_P:_research_author_illustrator_English_auteur_illustrateur_sociologie_French_paleontologo_sociologo_illustratore_Italian_illustrator_paläontologe_German_investigador_autor_ilustrador_Spanish,palaeontologist,1,11001,1950,NA,NA,NA,,FALSE,FALSE,FALSE,FALSE
Q1174499,1954,-75.16361236572266,39.95277786254883,Discovery/Science,mathematician,D:_mathematician_academic_P:_professor_mathematics_research_English_mathématicien_professeur_mathématiques_French_mathematiker_German_matemátic_Portuguese,mathematician,1,42101,1950,NA,NA,NA,http://www.wikidata.org/entity/Q21578|http://www.wikidata.org/entity/Q15262564,FALSE,FALSE,TRUE,FALSE
Q5394337,1891,-84.645599365234375,42.17720031738281,Discovery/Science,engineer,D:_engineer_P:_racecar_English,engineer,1,26075,1890,NA,NA,NA,,FALSE,FALSE,FALSE,FALSE
Q24005753,1947,-81.6500015258789,30.3166675567627,Discovery/Science,zoologist,D:_zoologist_psychologist_P:_professor_English,zoologist,1,12031,1940,NA,NA,NA,http://www.wikidata.org/entity/Q168756|http://www.wikidata.org/entity/Q499451|http://www.wikidata.org/entity/Q503415,FALSE,FALSE,TRUE,FALSE
Q740307,1928,-73.99028015136719,40.69277954101563,Discovery/Science,astronomer,D:_astronomer_P:_astronomer_radio_operator_English_astronome_French_ingenieur_im ruhestand_astronom_German,astronomer,1,36047,1920,NA,NA,NA,,FALSE,FALSE,FALSE,FALSE
Q6442819,1909,-71.2861099243164,41.94444274902344,Discovery/Science,botanist,D:_botanist_P:_botánic_Spanish,botanist,1,25005,1900,NA,NA,NA,,FALSE,FALSE,FALSE,FALSE
Q347356,1810,-75.31388854980469,43.00055694580078,Discovery/Science,botanist,D:_curator_botanist_academic_P:_botanist_scientist_explorer_English_botaniste_disciple_French_botanico_Italian_botaniker_offiziell_autor_German_naturalista_médic_botánic_Spanish_botânico_Portuguese_botaniker_Swedish,botanist,1,36065,1810,NA,NA,NA,http://www.wikidata.org/entity/Q5430237,FALSE,FALSE,TRUE,FALSE
Q1441407,1850,-71.23332977294922,42.28333282470703,Discovery/Science,inventor,D:_inventor_engineer_P:_ son_English_wissenschaftler_erfinder_fotograf_German_uppfinnare_Swedish,inventor,1,25021,1850,http://www.wikidata.org/entity/Q122702737,NA,http://www.wikidata.org/entity/Q122702775,,TRUE,TRUE,FALSE,FALSE
Q6531982,1887,-111.8833312988281,40.75,Discovery/Science,engineer,D:_engineer_P:_invention_detective_police_English,engineer,1,49035,1880,NA,NA,NA,,FALSE,FALSE,FALSE,FALSE
Q7511956,1954,-87.76080322265625,42.13140106201172,Discovery/Science,geneticist,D:_geneticist_academic_P:_genetics_medical_English_genetiker_German,geneticist,1,17031,1950,http://www.wikidata.org/entity/Q47002434,http://www.wikidata.org/entity/Q40348,NA,http://www.wikidata.org/entity/Q49108|http://www.wikidata.org/entity/Q131252,TRUE,FALSE,TRUE,TRUE
Q3710456,1917,-81.54222106933594,39.26610946655273,Discovery/Science,mathematician,D:_mathematician_P:_published_mathematician_English_mathématicien_French_matemátic_Spanish,mathematician,1,54107,1910,NA,NA,NA,http://www.wikidata.org/entity/Q558977|http://www.wikidata.org/entity/Q635642|http://www.wikidata.org/entity/Q995265,FALSE,FALSE,TRUE,FALSE
Q2424962,1939,-88.20417022705078,40.10972213745117,Discovery/Science,palaeontologist,D:_palaeontologist_academic_P:_paläontologe_German,palaeontologist,1,17019,1930,http://www.wikidata.org/entity/Q15437658,http://www.wikidata.org/entity/Q520549,NA,http://www.wikidata.org/entity/Q616591,TRUE,FALSE,TRUE,TRUE
Q6387935,1945,-77.03666687011719,38.89500045776367,Discovery/Science,computer_scientist,D:_computer_scientist_engineer_P:_computer scientist_scientist_professor_English_informatiker_German_cientista_Portuguese,computer_scientist,1,11001,1940,NA,NA,NA,http://www.wikidata.org/entity/Q49210|http://www.wikidata.org/entity/Q842909,FALSE,FALSE,TRUE,FALSE
Q1124416,1887,-98.51777648925781,44.87527847290039,Discovery/Science,engineer,D:_engineer_lawyer_engineer_architect_academic_P:_engineer_professor_engineer_English_ingénieur_construction_French_ingenieur_laufen_hochschullehrer_German,engineer,1,46115,1880,NA,NA,NA,http://www.wikidata.org/entity/Q1136919|http://www.wikidata.org/entity/Q8003310,FALSE,FALSE,TRUE,FALSE
Q351144,1888,-117.5199966430664,46.88999938964844,Discovery/Science,astronomer,D:_astronomer_meteorologist_P:_astronomer_meteorologist_army_English_astronome_météorologue_French_astronom_meteorologe_German_ejércit_militar_autor_Spanish,astronomer,1,53075,1880,NA,NA,NA,http://www.wikidata.org/entity/Q168756|http://www.wikidata.org/entity/Q235034|http://www.wikidata.org/entity/Q7989150,FALSE,FALSE,TRUE,FALSE
Q125515,1837,-78.44000244140625,37.22000122070313,Discovery/Science,astronomer,D:_astronomer_physician_photographer_P:_doctor_astronomer_photography_English_médecin_astronome_French_medico_astronomo_Italian_physiologe_astronom_draper_German_médic_astrónomo_Spanish_médic_astrônom_fotografia_Portuguese_naturforskare_forskare_son_Swedish,astronomer,1,51147,1830,http://www.wikidata.org/entity/Q472490,http://www.wikidata.org/entity/Q33231,NA,http://www.wikidata.org/entity/Q3100195,TRUE,FALSE,TRUE,TRUE
Q7614343,1904,-88.450836181640625,43.6522216796875,Discovery/Science,aerospace,D:_aerospace_engineer_P:_designer_English_course_French,aerospace,1,55039,1900,NA,NA,NA,,FALSE,FALSE,FALSE,FALSE
Q5238448,1923,-118.2436828613281,34.05223083496094,Discovery/Science,engineer,D:_engineer_P:_inventor_patent_English,engineer,1,06037,1920,NA,NA,NA,,FALSE,FALSE,FALSE,FALSE
Q5920936,1806,-74,40.70000076293945,Discovery/Science,botanist,D:_botanist_P:_ army_engineer_published_English,botanist,1,36047,1800,NA,NA,NA,,FALSE,FALSE,FALSE,FALSE
Q1767452,1870,-79.93583679199219,35.99833297729492,Discovery/Science,mathematician,D:_mathematician_academic_P:_teacher_mathematician_creator_English_mathematiker_German_matemática_Portuguese,mathematician,1,37081,1870,NA,NA,NA,http://www.wikidata.org/entity/Q152838|http://www.wikidata.org/entity/Q995265|http://www.wikidata.org/entity/Q5615915,FALSE,FALSE,TRUE,FALSE
Q6371929,1948,-73.9941635131836,40.72833251953125,Discovery/Science,botanist,D:_botanist_P:_professor_science_mechanics_English_botaniker_German_profesor_botánica_biología_Spanish,botanist,1,36061,1940,NA,NA,NA,http://www.wikidata.org/entity/Q1145814,FALSE,FALSE,TRUE,FALSE
Q6525322,1918,-74,40.70000076293945,Discovery/Science,engineer,D:_engineer_P:_inventor_aerodynamics_engineer_English,engineer,1,36047,1910,NA,NA,NA,http://www.wikidata.org/entity/Q49210|http://www.wikidata.org/entity/Q75478|http://www.wikidata.org/entity/Q556098|http://www.wikidata.org/entity/Q1093910,FALSE,FALSE,TRUE,FALSE
Q5482229,1856,-78.391937255859375,37.30210113525391,Discovery/Science,chemist,D:_chemist_P:_chemist_educator_English_chemiker_German,chemist,1,51147,1850,http://www.wikidata.org/entity/Q5082301,http://www.wikidata.org/entity/Q11063,http://www.wikidata.org/entity/Q131349445,http://www.wikidata.org/entity/Q152838|http://www.wikidata.org/entity/Q213439,TRUE,TRUE,TRUE,TRUE
Q3548165,1867,-90.499725341796875,41.48583221435547,Discovery/Science,palaeontologist,D:_palaeontologist_geologist_P:_geologist_son_daughter_English_géologue_conchyliologiste_French,palaeontologist,1,17161,1860,NA,NA,NA,http://www.wikidata.org/entity/Q238101,FALSE,FALSE,TRUE,FALSE
Q4661988,1920,-75.16361236572266,39.95277786254883,Discovery/Science,scientist,D:_technician_P:_scientist_medical_research_English,scientist,1,42101,1920,NA,NA,NA,http://www.wikidata.org/entity/Q3443159,FALSE,FALSE,TRUE,FALSE
Q720124,1941,-118.1956176757813,33.7683219909668,Discovery/Science,astronaut,D:_officer_astronaut_P:_navy_fighter pilot_astronaut_English_astronaute_French_astronauta_Italian_astronaut_German_astronauta_veteran_Portuguese_astronaut_Swedish,astronaut,1,06037,1940,NA,NA,NA,http://www.wikidata.org/entity/Q49108|http://www.wikidata.org/entity/Q49120|http://www.wikidata.org/entity/Q1128819|http://www.wikidata.org/entity/Q7586750,FALSE,FALSE,TRUE,FALSE
Q1707057,1928,-77.03666687011719,38.89500045776367,Discovery/Science,biologist,D:_biologist_academic_P:_biologist_studies_science_English_biologo_Italian_zoologe_biologe_German,biologist,1,11001,1920,NA,NA,NA,http://www.wikidata.org/entity/Q49112,FALSE,FALSE,TRUE,FALSE
Q1819009,1928,-75.16361236572266,39.95277786254883,Discovery/Science,biologist,D:_biologist_academic_anatomist_P:_professor_anatomy_medicine_English_biologiste_scientifique_découverte_French_gerontologe_German_médic_professor_anatomia_Portuguese_medicinsk_forskare_upptäck_Swedish,biologist,1,42101,1920,NA,NA,NA,http://www.wikidata.org/entity/Q49117,FALSE,FALSE,TRUE,FALSE
Q1355634,1957,-73.96055603027344,40.9555549621582,Discovery/Science,astronaut,D:_astronaut_scientist_P:_scientist_English_astronaute_French_astronauta_Italian_astronaut_German_cientista_astronauta_Portuguese,astronaut,1,34003,1950,NA,NA,NA,http://www.wikidata.org/entity/Q21578|http://www.wikidata.org/entity/Q41506|http://www.wikidata.org/entity/Q7059109,FALSE,FALSE,TRUE,FALSE
Q1443510,1933,-88.05267333984375,30.72766876220703,Discovery/Science,astronomer,D:_astronomer_physicist_academic_P:_physicist_astronomy_physicist_English_physicien_astronomie_French_fisico_Italian_physiker_astronom_German_físic_Portuguese,astronomer,1,01097,1930,NA,NA,NA,http://www.wikidata.org/entity/Q49112|http://www.wikidata.org/entity/Q842909,FALSE,FALSE,TRUE,FALSE
Q1333534,1900,-74.15290832519531,40.74295425415039,Discovery/Science,inventor,D:_chemist_P:_inventor_chemist_patent_English_inventeur_physique_French_inventore_imprenditore_Italian_erfinder_German_inventor_químic_Portuguese,inventor,1,34013,1900,NA,NA,NA,http://www.wikidata.org/entity/Q49088|http://www.wikidata.org/entity/Q75478,FALSE,FALSE,TRUE,FALSE
Q27049857,1955,-73.99028015136719,40.69277954101563,Discovery/Science,scientist,D:_scientist_P:_biomedical_medical_engineer_English,scientist,1,36047,1950,NA,NA,NA,http://www.wikidata.org/entity/Q858729|http://www.wikidata.org/entity/Q969850,FALSE,FALSE,TRUE,FALSE
Q47634391,1944,-76.1691665649414,39.51027679443359,Discovery/Science,chemist,D:_chemist_P:_biochemiker_chemiker_biologe_German,chemist,1,24025,1940,NA,NA,NA,,FALSE,FALSE,FALSE,FALSE
Q15783386,1948,-74,40.70000076293945,Discovery/Science,mathematician,D:_mathematician_academic_P:_mathematician_English_mathematiker_German,mathematician,1,36047,1940,NA,NA,NA,http://www.wikidata.org/entity/Q21578|http://www.wikidata.org/entity/Q130965,FALSE,FALSE,TRUE,FALSE
Q3182523,1854,-84.51249694824219,39.09999847412109,Discovery/Science,biologist,D:_biologist_zoologist_carcinologist_P:_professor_English_zoologiste_French,biologist,1,21117,1850,NA,NA,NA,http://www.wikidata.org/entity/Q21578|http://www.wikidata.org/entity/Q49166|http://www.wikidata.org/entity/Q75478|http://www.wikidata.org/entity/Q153987,FALSE,FALSE,TRUE,FALSE
Q1934650,1921,-70.24138641357422,44.08916854858398,Discovery/Science,chemist,D:_chemist_academic_P:_scientist_chemist_research_English_chimiste_photo_science_French_chimico_Italian_chemiker_German_químic_Portuguese,chemist,1,23001,1920,NA,NA,NA,http://www.wikidata.org/entity/Q13371|http://www.wikidata.org/entity/Q810771,FALSE,FALSE,TRUE,FALSE
Q6580896,1956,-74,40.70000076293945,Discovery/Science,chemist,D:_chemist_P:_chemist_son_physics_English,chemist,1,36047,1950,http://www.wikidata.org/entity/Q183679,http://www.wikidata.org/entity/Q169470,NA,http://www.wikidata.org/entity/Q49112|http://www.wikidata.org/entity/Q49115|http://www.wikidata.org/entity/Q131252,TRUE,FALSE,TRUE,TRUE
Q1284966,1938,-108.5670013427734,39.06669998168945,Discovery/Science,physicist,D:_physicist_physicist_P:_physicist_physics_quantum_English_physiker_German,physicist,1,08077,1930,NA,NA,NA,http://www.wikidata.org/entity/Q161562,FALSE,FALSE,TRUE,FALSE
Q5662134,1948,-87.73638916015625,40.7761116027832,Discovery/Science,agronomist,D:_agronomist_P:_agronomist_author_agronomist_English,agronomist,1,17075,1940,NA,NA,NA,http://www.wikidata.org/entity/Q1145814,FALSE,FALSE,TRUE,FALSE
Q980126,1953,-74.163055419921875,40.91555404663086,Discovery/Science,biologist,D:_biologist_academic_virologist_P:_professor_physician_surgeon_English_professor_German,biologist,1,34031,1950,NA,NA,NA,http://www.wikidata.org/entity/Q49115|http://www.wikidata.org/entity/Q1950740,FALSE,FALSE,TRUE,FALSE
Q1065160,1875,-89.5,44.5,Discovery/Science,geologist,D:_geologist_academic_P:_geologist_geology_science_English_geologe_German,geologist,1,55097,1870,NA,NA,NA,http://www.wikidata.org/entity/Q838330,FALSE,FALSE,TRUE,FALSE
Q3420505,1919,-118.2436828613281,34.05223083496094,Discovery/Science,entomologist,D:_entomologist_P:_agronomist_research_management_English_agronome_entomologiste_lutte_French,entomologist,1,06037,1910,NA,NA,NA,,FALSE,FALSE,FALSE,FALSE
Q7789200,1928,-82.5,40.5,Discovery/Science,engineer,D:_engineer_engineer_P:_engineer_research_executive_English,engineer,1,39083,1920,NA,NA,NA,http://www.wikidata.org/entity/Q182973|http://www.wikidata.org/entity/Q190080,FALSE,FALSE,TRUE,FALSE
Q5143031,1827,-75.30805206298828,39.95833206176758,Discovery/Science,engineer,D:_engineer_P:_engineer_professor_mechanics_English,engineer,1,42045,1820,http://www.wikidata.org/entity/Q96149028,NA,http://www.wikidata.org/entity/Q78162547,,TRUE,TRUE,FALSE,FALSE
Q709386,1890,-75.5513916015625,39.74833297729492,Discovery/Science,geologist,D:_geologist_academic_P:_geologist_mystic_English_geologe_forschung_German,geologist,1,10003,1890,NA,NA,NA,http://www.wikidata.org/entity/Q21578|http://www.wikidata.org/entity/Q49114,FALSE,FALSE,TRUE,FALSE
Q16014336,1929,-73.91777801513672,40.70416641235352,Discovery/Science,inventor,D:_inventor_P:_inventor_patent_husband_English_inventrice_Italian_televisión_marido_patente_Spanish_inventor_patente_Portuguese,inventor,1,36047,1920,NA,NA,NA,,FALSE,FALSE,FALSE,FALSE
Q2580792,1910,-74.18499755859375,40.73527908325195,Discovery/Science,parasitologist,D:_parasitologist_P:_parasitologist_research_English_parasitologe_forschung_German,parasitologist,1,34013,1910,NA,NA,NA,http://www.wikidata.org/entity/Q13371|http://www.wikidata.org/entity/Q499451,FALSE,FALSE,TRUE,FALSE
Q4083961,1916,-74,40.70000076293945,Discovery/Science,computer_scientist,D:_computer_scientist_engineer_P:_ spy_English,computer_scientist,1,36047,1910,NA,NA,NA,http://www.wikidata.org/entity/Q1093910,FALSE,FALSE,TRUE,FALSE
Q370116,1934,-89.5889892578125,40.69364929199219,Discovery/Science,mathematician,D:_mathematician_physicist_academic_P:_mathematician_professor_mathematics_English_mathématicien_physicien_French_mathematiker_physiker_German_físic_matemátic_Portuguese,mathematician,1,17143,1930,NA,NA,NA,http://www.wikidata.org/entity/Q49088|http://www.wikidata.org/entity/Q5149833|http://www.wikidata.org/entity/Q7988692,FALSE,FALSE,TRUE,FALSE
Q22003093,1949,-104.9847259521484,39.73916625976563,Discovery/Science,biologist,D:_biologist_P:_oceanographer_marine_biologist_English,biologist,1,08031,1940,NA,NA,NA,http://www.wikidata.org/entity/Q129421|http://www.wikidata.org/entity/Q1041737,FALSE,FALSE,TRUE,FALSE
Q92999,1938,-79.84500885009766,40.34187698364258,Discovery/Science,engineer,D:_physicist_computer_scientist_programmer_P:_engineer_programmer_inventor_English_inventeur_French_erfinder_German_inventor_Spanish,engineer,1,42003,1930,NA,NA,NA,,FALSE,FALSE,FALSE,FALSE
Q1027641,1889,-73.55777740478516,44.62861251831055,Discovery/Science,geneticist,D:_geneticist_zoologist_scientist_P:_scientist_genetics_scientist_English_scientifique_génétique_médecine_French_biologo_genetica_Italian_genetiker_German_cientista_genética_Portuguese_forskare_Swedish,geneticist,1,36019,1880,NA,NA,NA,http://www.wikidata.org/entity/Q49088,FALSE,FALSE,TRUE,FALSE
Q3525373,1941,-73.9941635131836,40.72833251953125,Discovery/Science,biologist,D:_biologist_ecologist_P:_united nation_professor_science_English_biologiste_science_scientifique_French_biólog_biolog_Portuguese,biologist,1,36061,1940,NA,NA,NA,http://www.wikidata.org/entity/Q49112|http://www.wikidata.org/entity/Q4976578|http://www.wikidata.org/entity/Q14706968,FALSE,FALSE,TRUE,FALSE
Q1464780,1922,-78.38890075683594,40.42729187011719,Discovery/Science,aerospace,D:_engineer_aerospace_P:_aerospace_engineer_English_ingenieur_wissenschaftler_German,aerospace,1,42013,1920,NA,NA,NA,http://www.wikidata.org/entity/Q49108|http://www.wikidata.org/entity/Q7971641,FALSE,FALSE,TRUE,FALSE
Q5486275,1907,-121.8727798461914,37.30416488647461,Discovery/Science,engineer,D:_engineer_P:_inventor_English,engineer,1,06085,1900,NA,NA,NA,,FALSE,FALSE,FALSE,FALSE
Q56809083,1946,-76.14442443847656,43.04689788818359,Discovery/Science,chemist,D:_chemist_P:_professor_chemist_biochemist_English,chemist,1,36067,1940,NA,NA,NA,http://www.wikidata.org/entity/Q13371|http://www.wikidata.org/entity/Q131252,FALSE,FALSE,TRUE,FALSE
Q6482941,1929,-75.48332977294922,40.59999847412109,Discovery/Science,pharmacologist,D:_pharmacologist_academic_P:_research_professor_discover_English_forscher_professor_wissenschaftlich_German,pharmacologist,1,42077,1920,NA,NA,NA,http://www.wikidata.org/entity/Q432637|http://www.wikidata.org/entity/Q1075339,FALSE,FALSE,TRUE,FALSE
Q17308885,1868,-81.05278015136719,41.77167129516602,Discovery/Science,physicist,D:_physicist_P:_physicist_educator_law_English,physicist,1,39085,1860,NA,NA,NA,http://www.wikidata.org/entity/Q49115|http://www.wikidata.org/entity/Q149990,FALSE,FALSE,TRUE,FALSE
Q10811810,1930,-87.6500473022461,41.85002899169922,Discovery/Science,geneticist,D:_geneticist_P:_geneticist_English,geneticist,1,17031,1930,NA,NA,NA,http://www.wikidata.org/entity/Q161562,FALSE,FALSE,TRUE,FALSE
Q513800,1877,-92.41471862792969,41.01305389404297,Discovery/Science,inventor,D:_inventor_entrepreneur_P:_inventor_entrepreneur_patent_English_inventeur_entrepreneur_French_erfinder_unternehmer_patent_German,inventor,1,19179,1870,NA,NA,NA,,FALSE,FALSE,FALSE,FALSE
Q376149,1922,-118.2436828613281,34.05223083496094,Discovery/Science,geneticist,D:_geneticist_P:_physician_geneticist_genetics_English_généticien_génétique_French_genetiker_onkologe_German_genetista_genética_Spanish,geneticist,1,06037,1920,NA,NA,NA,http://www.wikidata.org/entity/Q49088|http://www.wikidata.org/entity/Q161562|http://www.wikidata.org/entity/Q2154182,FALSE,FALSE,TRUE,FALSE
Q1065133,1955,-71.2350082397461,42.38059616088867,Discovery/Science,astronaut,D:_officer_astronaut_P:_astronaut_air force_colonel_English_astronaute_French_astronauta_Italian_astronaut_German_astronauta_Portuguese_astronaut_Swedish,astronaut,1,25017,1950,NA,NA,NA,http://www.wikidata.org/entity/Q575662|http://www.wikidata.org/entity/Q1331280|http://www.wikidata.org/entity/Q3428253|http://www.wikidata.org/entity/Q5928707,FALSE,FALSE,TRUE,FALSE
Q17308920,1854,-72.51667022705078,42.36666870117188,Discovery/Science,geologist,D:_geologist_P:_geologist_scientific_English_geologe_German,geologist,1,25015,1850,NA,NA,NA,http://www.wikidata.org/entity/Q49165|http://www.wikidata.org/entity/Q154804,FALSE,FALSE,TRUE,FALSE
Q1765828,1905,-76.61499786376953,39.2863883972168,Discovery/Science,biologist,D:_biologist_geneticist_zoologist_academic_P:_biologist_English_zoologe_genetiker_German,biologist,1,24510,1900,NA,NA,NA,http://www.wikidata.org/entity/Q193727,FALSE,FALSE,TRUE,FALSE
Q1064586,1812,-70.89850616455078,42.516845703125,Discovery/Science,inventor,D:_physicist_inventor_P:_inventor_physician_patent_English_erfinder_German_engenheir_médic_patente_Portuguese,inventor,1,25009,1810,NA,NA,NA,http://www.wikidata.org/entity/Q49121|http://www.wikidata.org/entity/Q49123,FALSE,FALSE,TRUE,FALSE
Q506349,1955,-75.16361236572266,39.95277786254883,Discovery/Science,astronaut,D:_officer_astronaut_P:_astronaut_marine_aviator_English_astronaute_French_astronauta_Italian_astronaut_German_astronauta_piloto_marinha_Portuguese_astronaut_Swedish,astronaut,1,42101,1950,NA,NA,NA,http://www.wikidata.org/entity/Q501758|http://www.wikidata.org/entity/Q1128819|http://www.wikidata.org/entity/Q1466001|http://www.wikidata.org/entity/Q4785655,FALSE,FALSE,TRUE,FALSE
Q5246039,1904,-122.25,37.79999923706055,Discovery/Science,chemist,D:_chemist_P:_biochemist_chemist_medical_English_biochemiker_chemiker_German,chemist,1,06001,1900,http://www.wikidata.org/entity/Q18236498,http://www.wikidata.org/entity/Q1622272,NA,http://www.wikidata.org/entity/Q129421|http://www.wikidata.org/entity/Q168756,TRUE,FALSE,TRUE,TRUE
Q323098,1836,-84.19999694824219,39.76666641235352,Discovery/Science,botanist,D:_botanist_mycologist_P:_botanist_teacher_botany_English_botaniker_mykologe_offiziell_German_botánic_micólogo_Spanish,botanist,1,39113,1830,NA,NA,NA,,FALSE,FALSE,FALSE,FALSE
Q5079899,1956,-77.5,41,Discovery/Science,engineer,D:_engineer_P:_engineer_manufacturer_English,engineer,1,42035,1950,NA,NA,NA,http://www.wikidata.org/entity/Q41506|http://www.wikidata.org/entity/Q81087|http://www.wikidata.org/entity/Q756361,FALSE,FALSE,TRUE,FALSE
Q8007305,1954,-72.92500305175781,41.30833435058594,Discovery/Science,geographer,D:_geographer_historian_academic_P:_historian_research_professor_English_historiker_German,geographer,1,09009,1950,NA,NA,NA,http://www.wikidata.org/entity/Q34433|http://www.wikidata.org/entity/Q49112|http://www.wikidata.org/entity/Q81174|http://www.wikidata.org/entity/Q838330,FALSE,FALSE,TRUE,FALSE
Q298341,1948,-73.91777801513672,40.70416641235352,Discovery/Science,inventor,D:_inventor_computer_scientist_entrepreneur_writer_writer_scientist_futurist_artificial_P:_inventor_futurist_artificial_English_auteur_ingénieur_urologue_French_inventore_saggista_Italian_autor_erfinder_futurist_German_inventor_música_músico_Spanish_inventor_futurista_Portuguese_uppfinnare_forskning_urolog_Swedish,inventor,1,36047,1940,NA,NA,NA,http://www.wikidata.org/entity/Q49108|http://www.wikidata.org/entity/Q6776801,FALSE,FALSE,TRUE,FALSE
Q4027579,1849,-71.538055419921875,43.2066650390625,Discovery/Science,inventor,D:_inventor_P:_inventor_patent_engineer_English_inventore_Italian_inventor_actor_técnic_Spanish_inventor_Portuguese,inventor,1,33013,1840,NA,NA,NA,,FALSE,FALSE,FALSE,FALSE
Q7048231,1931,-117.1624984741211,32.71500015258789,Discovery/Science,engineer,D:_engineer_P:,engineer,1,06073,1930,NA,NA,NA,,FALSE,FALSE,FALSE,FALSE
Q962702,1819,-77.81361389160156,42.79583358764648,Discovery/Science,astronomer,D:_astronomer_astrophysicist_physicist_P:_astrophysicist_physicist_inventor_English_astrophysicien_physicien_inventeur_French_fisico_Italian_physiker_erfinder_German_ astro_físic_inventor_Spanish,astronomer,1,36051,1810,NA,NA,NA,http://www.wikidata.org/entity/Q49112|http://www.wikidata.org/entity/Q1426464,FALSE,FALSE,TRUE,FALSE
Q7373005,1919,-77.03666687011719,38.89500045776367,Discovery/Science,biologist,D:_biologist_geneticist_P:_biologist_discover_English,biologist,1,11001,1910,NA,NA,NA,http://www.wikidata.org/entity/Q1542352,FALSE,FALSE,TRUE,FALSE
Q4942303,1906,-97.777496337890625,41.74750137329102,Discovery/Science,botanist,D:_botanist_curator_P:_botanist_curator_botany_English,botanist,1,31119,1900,NA,NA,NA,,FALSE,FALSE,FALSE,FALSE
Q6115266,1924,-87.6500473022461,41.85002899169922,Discovery/Science,geologist,D:_geologist_P:_geologist_professor_engineer_English,geologist,1,17031,1920,NA,NA,NA,http://www.wikidata.org/entity/Q21578|http://www.wikidata.org/entity/Q391028,FALSE,FALSE,TRUE,FALSE
Q4795114,1977,-67.99805450439453,46.86360931396484,Discovery/Science,biologist,D:_biologist_explorer_biologist_faculty_P:_professor_medical_doctor_English_astronaute_groupe_French_astronauta_Italian_explorador_grupo_astro_Spanish_professor_medic_mergulho_Portuguese_astronaut_Swedish,biologist,1,23003,1970,NA,NA,NA,http://www.wikidata.org/entity/Q49114|http://www.wikidata.org/entity/Q604029|http://www.wikidata.org/entity/Q766034,FALSE,FALSE,TRUE,FALSE
Q329346,1951,-93.2861099243164,37.19499969482422,Discovery/Science,programmer,D:_programmer_engineer_computer_scientist_P:_designer_developer_video game_English_programmeur_French_programmatore_autore_Italian_designer_spiel_spiel_German_diseñador_Spanish_grundare_utvecklare_Swedish,programmer,1,29077,1950,NA,NA,NA,http://www.wikidata.org/entity/Q168756|http://www.wikidata.org/entity/Q842909,FALSE,FALSE,TRUE,FALSE
Q28962231,1947,-74,40.70000076293945,Discovery/Science,mathematician,D:_mathematician_P:_mathematiker_pädagoge_German,mathematician,1,36047,1940,NA,NA,NA,http://www.wikidata.org/entity/Q41506|http://www.wikidata.org/entity/Q762266,FALSE,FALSE,TRUE,FALSE
Q530335,1878,-75.16361236572266,39.95277786254883,Discovery/Science,zoologist,D:_zoologist_herpetologist_ichthyologist_P:_zoologist_English_zoologiste_French_zoologo_Italian_zoologe_German_zoolog_zoólog_Spanish,zoologist,1,42101,1870,NA,NA,NA,http://www.wikidata.org/entity/Q41506,FALSE,FALSE,TRUE,FALSE
Q1445286,1929,-71.05777740478516,42.36027908325195,Discovery/Science,biologist,D:_biologist_geneticist_biologist_academic_P:_biologist_geneticist_conservative_English_biochimico_chimico_genetista_Italian_genetiker_German_biolog_biología_biólog_Spanish_biolog_konservativ_Swedish,biologist,1,25025,1920,NA,NA,NA,http://www.wikidata.org/entity/Q13371|http://www.wikidata.org/entity/Q49123|http://www.wikidata.org/entity/Q149990,FALSE,FALSE,TRUE,FALSE
Q5590978,1869,-73.99028015136719,40.69277954101563,Discovery/Science,mathematician,D:_mathematician_P:_mathematician_English_mathématicien_French,mathematician,1,36047,1860,NA,NA,NA,http://www.wikidata.org/entity/Q49088|http://www.wikidata.org/entity/Q49205,FALSE,FALSE,TRUE,FALSE
Q719921,1939,-122.6666641235352,45.51666641235352,Discovery/Science,astronaut,D:_officer_astronaut_P:_navy_officer_astronaut_English_astronaute_French_astronauta_Italian_astronaut_German_astronauta_almirante_marinha_Portuguese_astronaut_Swedish,astronaut,1,41051,1930,NA,NA,NA,http://www.wikidata.org/entity/Q432637|http://www.wikidata.org/entity/Q559549|http://www.wikidata.org/entity/Q6550727,FALSE,FALSE,TRUE,FALSE
Q330593,1916,-77.03666687011719,38.89500045776367,Discovery/Science,mathematician,D:_mathematician_historian_academic_P:_mathematician_English_mathematiker_German,mathematician,1,11001,1910,NA,NA,NA,http://www.wikidata.org/entity/Q193727|http://www.wikidata.org/entity/Q503415,FALSE,FALSE,TRUE,FALSE
Q16212771,1968,-73.78194427490234,40.90861129760742,Discovery/Science,meteorologist,D:_meteorologist_P:_television_meteorologist_English,meteorologist,1,36119,1960,NA,NA,NA,http://www.wikidata.org/entity/Q49213,FALSE,FALSE,TRUE,FALSE
Q2748738,1958,-98.579498291015625,39.82817459106445,Discovery/Science,palaeontologist,D:_palaeontologist_P:_biologist_curator_faculty_English_paläontologe_kurat_forschung_German,palaeontologist,1,20183,1950,NA,NA,NA,http://www.wikidata.org/entity/Q263064|http://www.wikidata.org/entity/Q1191335,FALSE,FALSE,TRUE,FALSE
Q19591269,1946,-122.6666641235352,45.51666641235352,Discovery/Science,naturalist,D:_naturalist_P:_biologist_conservationist_English,naturalist,1,41051,1940,NA,NA,NA,http://www.wikidata.org/entity/Q861888,FALSE,FALSE,TRUE,FALSE
Q726241,1891,-84.84638977050781,43.17694473266602,Discovery/Science,botanist,D:_botanist_P:_botanist_world war_doctor_English_botaniste_French_botaniker_offiziell_autor_German_botánic_biolog_biología_Spanish_botaniker_Swedish,botanist,1,26117,1890,NA,NA,NA,http://www.wikidata.org/entity/Q270222|http://www.wikidata.org/entity/Q457281,FALSE,FALSE,TRUE,FALSE
Q30097904,1873,-84.19416809082031,40.56916809082031,Discovery/Science,biologist,D:_biologist_P:,biologist,1,39011,1870,NA,NA,NA,http://www.wikidata.org/entity/Q309331,FALSE,FALSE,TRUE,FALSE
Q1617351,1883,-75.16361236572266,39.95277786254883,Discovery/Science,biologist,D:_biologist_zoologist_herpetologist_educator_P:_biologist_zoologist_herpetologist_English_biologiste_zoologiste_French_biologa_zoologa_Italian_biolog_biología_biólog_Spanish,biologist,1,42101,1880,NA,NA,NA,http://www.wikidata.org/entity/Q161976|http://www.wikidata.org/entity/Q995265|http://www.wikidata.org/entity/Q1307345,FALSE,FALSE,TRUE,FALSE
Q6968858,1826,-72.2058334350586,42.95500183105469,Discovery/Science,inventor,D:_inventor_poet_P:_patent_solicitor_invention_English,inventor,1,33005,1820,NA,NA,NA,http://www.wikidata.org/entity/Q13371|http://www.wikidata.org/entity/Q49123|http://www.wikidata.org/entity/Q1432645,FALSE,FALSE,TRUE,FALSE
Q971382,1887,-91.11583709716797,40.80805587768555,Discovery/Science,ecologist,D:_ecologist_academic_scientist_academic_writer_P:_author_philosopher_scientist_English_écologiste_French_ecologo_cacciatore_Italian_wissenschaftler_biologe_jäger_German_silvicultor_ambientalista_ciencia_Spanish_acadêmic_filósof_conservacionista_Portuguese,ecologist,1,19057,1880,NA,NA,NA,http://www.wikidata.org/entity/Q49112|http://www.wikidata.org/entity/Q4999248|http://www.wikidata.org/entity/Q7492742|http://www.wikidata.org/entity/Q8047424|http://www.wikidata.org/entity/Q11351132,FALSE,FALSE,TRUE,FALSE
Q16196032,1965,-74.110198974609375,40.66239929199219,Discovery/Science,botanist,D:_botanist_P:_botanist_English_profesor_botánica_Spanish,botanist,1,34003,1960,NA,NA,NA,http://www.wikidata.org/entity/Q219563,FALSE,FALSE,TRUE,FALSE
Q6253793,1941,-91.5977783203125,42.0341682434082,Discovery/Science,engineer,D:_engineer_P:_engineer_professor_engineer_English,engineer,1,19113,1940,NA,NA,NA,http://www.wikidata.org/entity/Q670897|http://www.wikidata.org/entity/Q1136919,FALSE,FALSE,TRUE,FALSE
Q21062333,1963,-82.5,40.5,Discovery/Science,chemist,D:_chemist_P:_professor_chemist_research_English_chemiker_German,chemist,1,39083,1960,NA,NA,NA,http://www.wikidata.org/entity/Q13371|http://www.wikidata.org/entity/Q49108|http://www.wikidata.org/entity/Q6802145,FALSE,FALSE,TRUE,FALSE
Q48472020,1943,-89.250274658203125,40.00027847290039,Discovery/Science,physicist,D:_physicist_P:_physicist_professor_quantum_English,physicist,1,17107,1940,NA,NA,NA,http://www.wikidata.org/entity/Q49112|http://www.wikidata.org/entity/Q49118,FALSE,FALSE,TRUE,FALSE
Q17182917,1929,-86.717498779296875,41.60919952392578,Discovery/Science,meteorologist,D:_meteorologist_P:_meteorologist_scientist_research_English,meteorologist,1,18091,1920,NA,NA,NA,http://www.wikidata.org/entity/Q739627|http://www.wikidata.org/entity/Q1179599,FALSE,FALSE,TRUE,FALSE
Q2736027,1927,-110.9263916015625,32.2216682434082,Discovery/Science,physicist,D:_physicist_academic_P:_physicist_quantum_English_physiker_German,physicist,1,04019,1920,NA,NA,NA,http://www.wikidata.org/entity/Q235034|http://www.wikidata.org/entity/Q1206658,FALSE,FALSE,TRUE,FALSE
Q5363352,1964,-98.579498291015625,39.82817459106445,Discovery/Science,epidemiologist,D:_epidemiologist_journalist_research_P:_journalist_epidemiologist_bureaucrat_English,epidemiologist,1,20183,1960,NA,NA,NA,http://www.wikidata.org/entity/Q34433,FALSE,FALSE,TRUE,FALSE
Q8017342,1877,-75.65333557128906,43.08499908447266,Discovery/Science,botanist,D:_botanist_P:_botanist_curator_botanist_English_botánic_botánica_Spanish_botânico_curador_Portuguese_botaniker_Swedish,botanist,1,36053,1870,NA,NA,NA,http://www.wikidata.org/entity/Q617433,FALSE,FALSE,TRUE,FALSE
Q901599,1875,-87.0907974243164,39.52610015869141,Discovery/Science,chemist,D:_chemist_academic_P:_chemist_professor_world war_English_chemiker_German_químic_Portuguese,chemist,1,18021,1870,NA,NA,NA,,FALSE,FALSE,FALSE,FALSE
Q6281344,1831,-70.42138671875,44.69861221313477,Discovery/Science,inventor,D:_inventor_P:_inventor_English_ ehe_German,inventor,1,23007,1830,NA,NA,NA,,FALSE,FALSE,FALSE,FALSE
Q302925,1888,-100,41.5,Discovery/Science,botanist,D:_botanist_P:_botanist_English_botaniker_offiziell_autor_German_botánic_Spanish,botanist,1,31041,1880,NA,NA,NA,,FALSE,FALSE,FALSE,FALSE
Q43027,1889,-92.90721893310547,37.33943939208984,Discovery/Science,astronomer,D:_astronomer_astrophysicist_P:_astronomer_astronomy_English_astronome_loi_prêtre_French_astronomo_fisico_Italian_astronom_German_astrónomo_general_padre_Spanish_astrônom_Portuguese_marin_astronom_Swedish,astronomer,1,29225,1880,NA,NA,NA,http://www.wikidata.org/entity/Q73094|http://www.wikidata.org/entity/Q131252|http://www.wikidata.org/entity/Q7991966,FALSE,FALSE,TRUE,FALSE
Q19668375,1955,-79.27083587646484,36.09583282470703,Discovery/Science,scientist,D:_scientist_P:_professor_medical_research_English,scientist,1,37001,1950,NA,NA,NA,,FALSE,FALSE,FALSE,FALSE
Q15447222,1926,-73.77861022949219,41.04000091552734,Discovery/Science,chemist,D:_chemist_engineer_academic_P:_scientist_ceramic_scientist_English_wissenschaftler_keramik_German,chemist,1,36119,1920,NA,NA,NA,,FALSE,FALSE,FALSE,FALSE
Q932344,1869,-79,37.5,Discovery/Science,mathematician,D:_inventor_engineer_P:_mathematician_physicist_inventor_English_mathématicien_physicien_inventeur_French_mathematiker_physiker_erfinder_German_matemátic_físic_inventor_Spanish_matemátic_físic_inventor_Portuguese,mathematician,1,51009,1860,NA,NA,NA,http://www.wikidata.org/entity/Q49088|http://www.wikidata.org/entity/Q193727|http://www.wikidata.org/entity/Q5149700|http://www.wikidata.org/entity/Q5149833,FALSE,FALSE,TRUE,FALSE
Q52745832,1928,-123.0288925170898,44.93083190917969,Discovery/Science,physicist,D:_physicist_P:_physiker_German,physicist,1,41047,1920,NA,NA,NA,,FALSE,FALSE,FALSE,FALSE
Q2732009,1917,-74,40.70000076293945,Discovery/Science,physicist,D:_physicist_P:_physiker_German,physicist,1,36047,1910,NA,NA,NA,http://www.wikidata.org/entity/Q174710,FALSE,FALSE,TRUE,FALSE
Q1327507,1903,-100,41.5,Discovery/Science,engineer,D:_engineer_P:_ingenieur_German,engineer,1,31041,1900,NA,NA,NA,,FALSE,FALSE,FALSE,FALSE
Q931297,1944,-81.80027770996094,41.4808349609375,Discovery/Science,mathematician,D:_mathematician_academic_P:_mathematician_invention_congress_English_mathématicien_French_mathematiker_German_matemátic_Portuguese,mathematician,1,39035,1940,NA,NA,NA,http://www.wikidata.org/entity/Q13371|http://www.wikidata.org/entity/Q1378320,FALSE,FALSE,TRUE,FALSE
Q1938029,1873,-80.7699966430664,41.02000045776367,Discovery/Science,physicist,D:_physicist_astronomer_P:_physicist_English_physicien_French_astronomo_fisico_Italian_physiker_astronom_forschung_German_físic_Spanish_físic_Portuguese,physicist,1,39099,1870,NA,NA,NA,http://www.wikidata.org/entity/Q49115,FALSE,FALSE,TRUE,FALSE
Q6176327,1955,-90.0750732421875,29.95465087890625,Discovery/Science,computer_scientist,D:_computer_scientist_engineer_P:_computer scientist_scientist_academic_English,computer_scientist,1,22071,1950,NA,NA,NA,http://www.wikidata.org/entity/Q41506|http://www.wikidata.org/entity/Q168751|http://www.wikidata.org/entity/Q178848|http://www.wikidata.org/entity/Q5244527,FALSE,FALSE,TRUE,FALSE
Q1785975,1946,-118.2436828613281,34.05223083496094,Discovery/Science,physicist,D:_physicist_academic_P:_physicist_English_physiker_German,physicist,1,06037,1940,NA,NA,NA,,FALSE,FALSE,FALSE,FALSE
Q1700332,1928,-74,40.70000076293945,Discovery/Science,engineer,D:_engineer_P:_ingenieur_German,engineer,1,36047,1920,NA,NA,NA,,FALSE,FALSE,FALSE,FALSE
Q5869109,1892,-95.67803955078125,39.0483283996582,Discovery/Science,botanist,D:_botanist_P:_ employee_employee_explorer_English_botánic_agrónom_científic_Spanish,botanist,1,20177,1890,NA,NA,NA,http://www.wikidata.org/entity/Q7227384,FALSE,FALSE,TRUE,FALSE
Q5892357,1886,-110,47,Discovery/Science,botanist,D:_botanist_P:_botanist_biochemist_chemist_English_bioquímic_químic_botánic_Spanish,botanist,1,30045,1880,NA,NA,NA,http://www.wikidata.org/entity/Q13371,FALSE,FALSE,TRUE,FALSE
Q2938952,1918,-86.1580581665039,39.76861190795898,Discovery/Science,botanist,D:_botanist_P:_botaniste_French_botaniker_forscher_offiziell_German_botánic_Spanish_botânico_Portuguese,botanist,1,18097,1910,NA,NA,NA,,FALSE,FALSE,FALSE,FALSE
Q21558134,1989,-79.04991912841797,35.90730667114258,Discovery/Science,academic,D:_academic_mathematician_P:_mathematician_professor_mathematics_English_mathematiker_German_matemátic_Portuguese,mathematician,1,37135,1980,http://www.wikidata.org/entity/Q102123385,http://www.wikidata.org/entity/Q170790,NA,http://www.wikidata.org/entity/Q21578|http://www.wikidata.org/entity/Q41506|http://www.wikidata.org/entity/Q5316461,TRUE,FALSE,TRUE,TRUE
Q16785350,1880,-87.6500473022461,41.85002899169922,Discovery/Science,geologist,D:_geologist_academic_P:_geologe_German,geologist,1,17031,1880,NA,NA,NA,,FALSE,FALSE,FALSE,FALSE
Q5258874,1938,-82.5,40.5,Discovery/Science,engineer,D:_engineer_P:_engineer_English,engineer,1,39083,1930,NA,NA,NA,http://www.wikidata.org/entity/Q270222|http://www.wikidata.org/entity/Q309331,FALSE,FALSE,TRUE,FALSE
Q6241026,1942,-70.94999694824219,42.46666717529297,Discovery/Science,computer_scientist,D:_computer_scientist_engineer_P:_management_professor_chief executive_English,computer_scientist,1,25009,1940,NA,NA,NA,http://www.wikidata.org/entity/Q49108|http://www.wikidata.org/entity/Q49112|http://www.wikidata.org/entity/Q49120|http://www.wikidata.org/entity/Q5378283|http://www.wikidata.org/entity/Q7851548|http://www.wikidata.org/entity/Q8047425,FALSE,FALSE,TRUE,FALSE
Q15229573,1951,-97.4394760131836,35.22258377075195,Discovery/Science,mathematician,D:_mathematician_academic_P:_professor_mathematics_scholar_English_mathematiker_professor_German,mathematician,1,40027,1950,NA,NA,NA,http://www.wikidata.org/entity/Q49112|http://www.wikidata.org/entity/Q616591,FALSE,FALSE,TRUE,FALSE
Q4863955,1960,-84.12848663330078,36.10477066040039,Discovery/Science,geographer,D:_geographer_P:_author_studies_professor_English,geographer,1,47001,1960,NA,NA,NA,http://www.wikidata.org/entity/Q192775|http://www.wikidata.org/entity/Q1070333|http://www.wikidata.org/entity/Q1474105|http://www.wikidata.org/entity/Q7700206,FALSE,FALSE,TRUE,FALSE
Q7788867,1956,-84.39027404785156,33.75694274902344,Discovery/Science,engineer,D:_engineer_P:_inventor_band_intellectual_English,engineer,1,13121,1950,NA,NA,NA,,FALSE,FALSE,FALSE,FALSE
Q10953,1919,-73.9941635131836,40.72833251953125,Discovery/Science,programmer,D:_librarian_computer_scientist_engineer_programmer_P:_programmer_analyst_congress_English_ingénieur_analyste_French_programmierer_bibliothekar_German_bibliotecari_programador_congreso_Spanish_programmerare_bibliograf_Swedish,programmer,1,36061,1910,NA,NA,NA,http://www.wikidata.org/entity/Q432637|http://www.wikidata.org/entity/Q1446181,FALSE,FALSE,TRUE,FALSE
Q1336455,1950,-76.14442443847656,43.04689788818359,Discovery/Science,astronaut,D:_astronaut_chemist_academic_P:_biochemist_chemist_basket_English_astronaute_French_biochimico_chimico_astronauta_Italian_astronaut_German_astronauta_bioquímic_químic_Portuguese,astronaut,1,36067,1950,NA,NA,NA,http://www.wikidata.org/entity/Q1472663,FALSE,FALSE,TRUE,FALSE
Q1900153,1945,-74,40.70000076293945,Discovery/Science,mathematician,D:_mathematician_academic_P:_professor_mathematics_professor_English_mathematiker_German,mathematician,1,36047,1940,NA,NA,NA,http://www.wikidata.org/entity/Q49108|http://www.wikidata.org/entity/Q149990,FALSE,FALSE,TRUE,FALSE
Q7298945,1934,-118.2436828613281,34.05223083496094,Discovery/Science,physicist,D:_physicist_P:_physicist_administrator_secretary_English,physicist,1,06037,1930,NA,NA,NA,http://www.wikidata.org/entity/Q168756|http://www.wikidata.org/entity/Q1075148,FALSE,FALSE,TRUE,FALSE
Q37325825,1916,-71.44166564941406,41.78333282470703,Discovery/Science,zoologist,D:_zoologist_carcinologist_P:_carcinologist_curator_editor_English,zoologist,1,44007,1910,NA,NA,NA,http://www.wikidata.org/entity/Q49114|http://www.wikidata.org/entity/Q49124|http://www.wikidata.org/entity/Q7161950,FALSE,FALSE,TRUE,FALSE
Q2421994,1876,-74.39330291748047,40.52740097045898,Discovery/Science,inventor,D:_inventor_P:_erfinder_German,inventor,1,34023,1870,http://www.wikidata.org/entity/Q8743,http://www.wikidata.org/entity/Q28389,http://www.wikidata.org/entity/Q22087332,,TRUE,TRUE,FALSE,TRUE
Q386148,1956,-78.61219787597656,34.6255989074707,Discovery/Science,astronaut,D:_officer_astronaut_P:_astronaut_air force_force_English_astronaute_French_astronauta_Italian_astronaut_German_ astro_astronauta_coronel_Spanish_astronauta_veteran_Portuguese_astronaut_Swedish,astronaut,1,37017,1950,NA,NA,NA,http://www.wikidata.org/entity/Q1331280|http://www.wikidata.org/entity/Q3428253,FALSE,FALSE,TRUE,FALSE
Q30236674,1943,-71.054168701171875,42.40833282470703,Discovery/Science,astronomer,D:_astronomer_P:_astronomo_gesù_teologia_Italian,astronomer,1,25017,1940,NA,NA,NA,,FALSE,FALSE,FALSE,FALSE
Q4934240,1935,-112.3461074829102,43.18999862670898,Discovery/Science,professor,D:_engineer_academic_P:_professor_astronaut_science_English_ingenieur_German_professor_invençã_construção_Portuguese,engineer,1,16011,1930,NA,NA,NA,http://www.wikidata.org/entity/Q1854488,FALSE,FALSE,TRUE,FALSE
Q2058768,1934,-74,40.70000076293945,Discovery/Science,neuroscientist,D:_neuroscientist_P:_neuroscientist_scientist_English_physiologe_forschung_German,neuroscientist,1,36047,1930,NA,NA,NA,http://www.wikidata.org/entity/Q222738|http://www.wikidata.org/entity/Q751612,FALSE,FALSE,TRUE,FALSE
Q6789247,1984,-120,37,Discovery/Science,botanist,D:_music_botanist_journalist_ecologist_P:_author_editor_botany_English,botanist,1,06039,1980,NA,NA,NA,,FALSE,FALSE,FALSE,FALSE
Q193503,1936,-71.2350082397461,42.38059616088867,Discovery/Science,physicist,D:_physicist_academic_education_physicist_P:_physicist_physics_English_physicien_physique_French_fisico_Italian_physiker_German_profesor_físic_Spanish_físic_teórico_física_Portuguese_ fysik_fysiker_Swedish,physicist,1,25017,1930,http://www.wikidata.org/entity/Q511581,http://www.wikidata.org/entity/Q1622272,NA,http://www.wikidata.org/entity/Q13371|http://www.wikidata.org/entity/Q49123|http://www.wikidata.org/entity/Q161562|http://www.wikidata.org/entity/Q5544356,TRUE,FALSE,TRUE,TRUE
Q2581025,1909,-119.7922210693359,36.78166580200195,Discovery/Science,physicist,D:_physicist_P:_physicist_professor_English_physiker_German,physicist,1,06019,1900,NA,NA,NA,http://www.wikidata.org/entity/Q41506,FALSE,FALSE,TRUE,FALSE
Q28655321,1954,-98.579498291015625,39.82817459106445,Discovery/Science,scientist,D:_scientist_P:_archaeology_bible_research_English,scientist,1,20183,1950,NA,NA,NA,,FALSE,FALSE,FALSE,FALSE
Q2278593,1899,-96.7699966430664,45.16999816894531,Discovery/Science,engineer,D:_audio_engineer_P:_engineer_English_techniker_German,engineer,1,46051,1890,NA,NA,NA,,FALSE,FALSE,FALSE,FALSE
Q20675741,1963,-87.6500473022461,41.85002899169922,Discovery/Science,computer_scientist,D:_computer_scientist_P:_computer scientist_scientist_professor_English,computer_scientist,1,17031,1960,NA,NA,NA,http://www.wikidata.org/entity/Q168756|http://www.wikidata.org/entity/Q217741,FALSE,FALSE,TRUE,FALSE
Q4799838,1920,-74.18499755859375,40.73527908325195,Discovery/Science,biologist,D:_biologist_P:_biologist_English_biologe_German,biologist,1,34013,1920,NA,NA,NA,http://www.wikidata.org/entity/Q4614|http://www.wikidata.org/entity/Q168756,FALSE,FALSE,TRUE,FALSE
Q7916892,1970,-73.92250061035156,41.09249877929688,Discovery/Science,scientist,D:_scientist_P:_published_academic_English,scientist,1,36087,1970,NA,NA,NA,http://www.wikidata.org/entity/Q55044|http://www.wikidata.org/entity/Q995265,FALSE,FALSE,TRUE,FALSE
Q2161670,1909,-73.7750015258789,41.15000152587891,Discovery/Science,zoologist,D:_zoologist_P:_herpetologist_author_educator_English_herpétologiste_French_herpetologe_autor_lehrer_German_herpetolog_etolog_herpetólog_Spanish,zoologist,1,36119,1900,NA,NA,NA,,FALSE,FALSE,FALSE,FALSE
Q1537969,1935,-74,40.70000076293945,Discovery/Science,physicist,D:_physicist_academic_physicist_P:_physicist_English_physicien_théoricien_professeur_French_physiker_German_físic_teórico_Portuguese,physicist,1,36047,1930,NA,NA,NA,http://www.wikidata.org/entity/Q13371|http://www.wikidata.org/entity/Q49115,FALSE,FALSE,TRUE,FALSE
Q21664496,1904,-117.0991668701172,32.67805480957031,Discovery/Science,entomologist,D:_entomologist_curator_P:_entomologist_curator_entomology_English,entomologist,1,06073,1900,NA,NA,NA,http://www.wikidata.org/entity/Q7895156,FALSE,FALSE,TRUE,FALSE
Q3746678,1897,-75.21639251708984,40.68833160400391,Discovery/Science,biochemist,D:_biochemist_P:_biochemist_chemist_English_biochemiker_chemiker_German_bioquímic_químic_lucha_Spanish,biochemist,1,42095,1890,NA,NA,NA,http://www.wikidata.org/entity/Q49112|http://www.wikidata.org/entity/Q4134258,FALSE,FALSE,TRUE,FALSE
Q5498727,1874,-73.945556640625,41.38388824462891,Discovery/Science,engineer,D:_engineer_P:_engineer_politician_surveyor_English,engineer,1,36079,1870,NA,NA,NA,http://www.wikidata.org/entity/Q49210,FALSE,FALSE,TRUE,FALSE
Q216874,1928,-118.2436828613281,34.05223083496094,Discovery/Science,astronomer,D:_astronomer_geologist_P:_geologist_science_discover_English_découverte_épouse_French_geologo_Italian_geologe_forscher_astronom_German_ciencia_cometa_esposa_Spanish_geólog_astrônom_ciência_Portuguese_astronom_gift med_make_Swedish,astronomer,1,06037,1920,NA,NA,NA,http://www.wikidata.org/entity/Q21578|http://www.wikidata.org/entity/Q161562,FALSE,FALSE,TRUE,FALSE
Q27709546,1920,-76.61499786376953,39.2863883972168,Discovery/Science,biologist,D:_biologist_P:_medical_doctor_research_English,biologist,1,24510,1920,NA,NA,NA,http://www.wikidata.org/entity/Q13371|http://www.wikidata.org/entity/Q858729,FALSE,FALSE,TRUE,FALSE
Q2442751,1941,-87.6500473022461,41.85002899169922,Discovery/Science,engineer,D:_mathematician_computer_scientist_inventor_engineer_P:_engineer_inventor_English_matematico_Italian_ingenieur_German_engenheir_Portuguese,engineer,1,17031,1940,NA,NA,NA,http://www.wikidata.org/entity/Q1256981|http://www.wikidata.org/entity/Q7074010,FALSE,FALSE,TRUE,FALSE
Q28815284,1800,-71.9927749633789,42.24388885498047,Discovery/Science,inventor,D:_inventor_P:_inventor_manufacturer_English,inventor,1,25027,1800,NA,NA,NA,,FALSE,FALSE,FALSE,FALSE
Q20870822,1935,-79.93333435058594,37.26666641235352,Discovery/Science,scientist,D:_scientist_P:_physiker_German,scientist,1,51770,1930,NA,NA,NA,,FALSE,FALSE,FALSE,FALSE
Q7961579,1930,-122.6666641235352,45.51666641235352,Discovery/Science,geographer,D:_geographer_P:_geographer_cartographer_law_English_géographe_cartographie_French,geographer,1,41051,1930,NA,NA,NA,http://www.wikidata.org/entity/Q219563,FALSE,FALSE,TRUE,FALSE
Q7287891,1851,-74,40.70000076293945,Discovery/Science,engineer,D:_engineer_P:_designer_English,engineer,1,36047,1850,http://www.wikidata.org/entity/Q112899690,http://www.wikidata.org/entity/Q215536,NA,,TRUE,FALSE,FALSE,TRUE
Q358253,1926,-91.5250015258789,41.65583419799805,Discovery/Science,astronomer,D:_astronomer_P:_astronomer_curate_English_astronome_French_astronomo_Italian_astronom_German_astrónomo_Spanish_astrônom_Portuguese,astronomer,1,19103,1920,NA,NA,NA,http://www.wikidata.org/entity/Q161562|http://www.wikidata.org/entity/Q457281,FALSE,FALSE,TRUE,FALSE
Q15455952,1916,-77.858612060546875,40.79138946533203,Discovery/Science,mathematician,D:_mathematician_P:_mathematician_English_mathematiker_maler_German_matemátic_Portuguese,mathematician,1,42027,1910,NA,NA,NA,http://www.wikidata.org/entity/Q161562,FALSE,FALSE,TRUE,FALSE
Q16633028,1961,-93.63158416748047,42.02733612060547,Discovery/Science,physicist,D:_physicist_P:_physicist_professor_physics_English_ fysik_fysiker_professor_Swedish,physicist,1,19169,1960,NA,NA,NA,http://www.wikidata.org/entity/Q152838|http://www.wikidata.org/entity/Q238101|http://www.wikidata.org/entity/Q1567748,FALSE,FALSE,TRUE,FALSE
Q15794028,1893,-85.13915252685547,41.08044815063477,Discovery/Science,biologist,D:_biologist_P:_biologe_German,biologist,1,18003,1890,NA,NA,NA,,FALSE,FALSE,FALSE,FALSE
Q20737525,1912,-80.54972076416016,34.98888778686523,Discovery/Science,inventor,D:_inventor_P:_inventor_English,inventor,1,37179,1910,NA,NA,NA,http://www.wikidata.org/entity/Q1068752|http://www.wikidata.org/entity/Q5190391,FALSE,FALSE,TRUE,FALSE
Q5217570,1910,-73.99028015136719,40.69277954101563,Discovery/Science,botanist,D:_botanist_palaeontologist_academic_geologist_P:_ecologist_English_botanico_geologo_Italian_botaniker_führen_ökologe_German_paleontólog_Spanish,botanist,1,36047,1910,NA,NA,NA,http://www.wikidata.org/entity/Q168756,FALSE,FALSE,TRUE,FALSE
Q18394997,1917,-81.66972351074219,41.48222351074219,Discovery/Science,scientist,D:_scientist_P:_physician_academic_surgeon_English,scientist,1,39035,1910,NA,NA,NA,http://www.wikidata.org/entity/Q174710|http://www.wikidata.org/entity/Q1061104,FALSE,FALSE,TRUE,FALSE
Q28945679,1935,-83.04750061035156,42.3316650390625,Discovery/Science,chemist,D:_chemist_P:_chemist_research_scientist_English,chemist,1,26163,1930,NA,NA,NA,http://www.wikidata.org/entity/Q349055|http://www.wikidata.org/entity/Q7895753,FALSE,FALSE,TRUE,FALSE
Q5485072,1927,-117.1624984741211,32.71500015258789,Discovery/Science,chemist,D:_chemist_P:_scientist_chemist_discover_English,chemist,1,06073,1920,NA,NA,NA,http://www.wikidata.org/entity/Q168756,FALSE,FALSE,TRUE,FALSE
Q557519,1920,-89.06559753417969,37.99309921264648,Discovery/Science,chemist,D:_chemist_academic_P:_chemist_publishing_author_English_chimico_autore_Italian_chemiker_German,chemist,1,17055,1920,NA,NA,NA,http://www.wikidata.org/entity/Q457281|http://www.wikidata.org/entity/Q1472347,FALSE,FALSE,TRUE,FALSE
Q2423973,1900,-85.60555267333984,40.48805618286133,Discovery/Science,virologist,D:_virologist_epidemiologist_P:_physician_virologist_epidemiologist_English_arzt_epidemiologe_German,virologist,1,18053,1900,NA,NA,NA,http://www.wikidata.org/entity/Q49112,FALSE,FALSE,TRUE,FALSE
Q1002345,1843,-72.77249908447266,41.61388778686523,Discovery/Science,botanist,D:_botanist_P:_botanist_author_botanist_English_botaniker_offiziell_autor_German_botánic_ingenier_Spanish_botaniker_Swedish,botanist,1,09003,1840,NA,NA,NA,http://www.wikidata.org/entity/Q7492742|http://www.wikidata.org/entity/Q8047425,FALSE,FALSE,TRUE,FALSE
Q6243619,1961,-81.80027770996094,41.4808349609375,Discovery/Science,mammalogist,D:_mammalogist_P:,mammalogist,1,39035,1960,NA,NA,NA,http://www.wikidata.org/entity/Q309331|http://www.wikidata.org/entity/Q6479418,FALSE,FALSE,TRUE,FALSE
Q5487157,1841,-70.38999938964844,44.10969924926758,Discovery/Science,inventor,D:_inventor_P:_inventor_essayist_writer_English,inventor,1,23001,1840,NA,NA,NA,http://www.wikidata.org/entity/Q810771,FALSE,FALSE,TRUE,FALSE
Q62843,1938,-74,40.70000076293945,Discovery/Science,engineer,D:_computer_scientist_inventor_engineer_professor_inventor_engineer_P:_engineer_invented_communication_English_ingénieur_inventeur_consultant_French_informatiker_German_ingenjör_Swedish,engineer,1,36047,1930,NA,NA,NA,http://www.wikidata.org/entity/Q21578|http://www.wikidata.org/entity/Q1093910,FALSE,FALSE,TRUE,FALSE
Q626705,1839,-73.25,42.45000076293945,Discovery/Science,botanist,D:_botanist_P:_botanist_pathologist_discover_English_botaniste_agent_French_botaniker_autor_German_botânico_micologista_Portuguese,botanist,1,25003,1830,NA,NA,NA,http://www.wikidata.org/entity/Q558922,FALSE,FALSE,TRUE,FALSE
Q17198847,1946,-81.9749984741211,33.47000122070313,Discovery/Science,chemist,D:_chemist_P:_chemist_professor_worker_English_chemiker_German,chemist,1,13245,1940,NA,NA,NA,http://www.wikidata.org/entity/Q621043,FALSE,FALSE,TRUE,FALSE
Q6253889,1930,-122.6666641235352,45.51666641235352,Discovery/Science,mathematician,D:_mathematician_P:_mathematician_professor_mathematics_English,mathematician,1,41051,1930,NA,NA,NA,http://www.wikidata.org/entity/Q21578|http://www.wikidata.org/entity/Q131252,FALSE,FALSE,TRUE,FALSE
Q6243535,1945,-75.5513916015625,39.74833297729492,Discovery/Science,engineer,D:_engineer_P:_professor_engineer_academia_English,engineer,1,10003,1940,NA,NA,NA,http://www.wikidata.org/entity/Q457281|http://www.wikidata.org/entity/Q1068072,FALSE,FALSE,TRUE,FALSE
Q375631,1961,-75.32559967041016,39.87969970703125,Discovery/Science,astronaut,D:_astronaut_engineer_P:_engineer_astronaut_engineer_English_astronaute_French_astronauta_Italian_astronaut_kalif_berater_German_astronauta_Portuguese_astronaut_Swedish,astronaut,1,42045,1960,NA,NA,NA,http://www.wikidata.org/entity/Q49108|http://www.wikidata.org/entity/Q5568156,FALSE,FALSE,TRUE,FALSE
Q28114656,1951,-74,40.70000076293945,Discovery/Science,palaeontologist,D:_palaeontologist_P:_paläontologe_forschung_German,palaeontologist,1,36047,1950,NA,NA,NA,http://www.wikidata.org/entity/Q579611|http://www.wikidata.org/entity/Q863813|http://www.wikidata.org/entity/Q1079140,FALSE,FALSE,TRUE,FALSE
Q7381424,1897,-71.0999984741211,42.47999954223633,Discovery/Science,aerospace,D:_aerospace_P:_mechanic_engineer_astronaut_English,aerospace,1,25017,1890,NA,NA,NA,http://www.wikidata.org/entity/Q12010517,FALSE,FALSE,TRUE,FALSE
Q5415387,1952,-80.21666717529297,25.78333282470703,Discovery/Science,oceanographer,D:_oceanographer_P:_oceanographer_English,oceanographer,1,12086,1950,NA,NA,NA,http://www.wikidata.org/entity/Q49088,FALSE,FALSE,TRUE,FALSE
Q20979308,1920,-74,40.70000076293945,Discovery/Science,epidemiologist,D:_epidemiologist_P:_epidemiologist_professor_English,epidemiologist,1,36047,1920,NA,NA,NA,http://www.wikidata.org/entity/Q193727|http://www.wikidata.org/entity/Q4119470|http://www.wikidata.org/entity/Q5384959,FALSE,FALSE,TRUE,FALSE
Q3183664,1941,-73.59388732910156,44.19166564941406,Discovery/Science,biologist,D:_biologist_scientist_P:_biologist_research_scientist_English_scientifique_biologiste_fils_French,biologist,1,36031,1940,http://www.wikidata.org/entity/Q364868,http://www.wikidata.org/entity/Q36834,http://www.wikidata.org/entity/Q462310,http://www.wikidata.org/entity/Q13371|http://www.wikidata.org/entity/Q161562,TRUE,TRUE,TRUE,TRUE
Q15437595,1884,-97.551666259765625,44.38583374023438,Discovery/Science,endocrinologist,D:_endocrinologist_P:_endocrinologist_anatomy_professor_English,endocrinologist,1,46077,1880,NA,NA,NA,http://www.wikidata.org/entity/Q49115,FALSE,FALSE,TRUE,FALSE
Q3982507,1937,-122.416389465332,37.77750015258789,Discovery/Science,engineer,D:_engineer_computer_scientist_P:_engineer_game_engineer_English_ jeu_jeu vidéo_French_ingegnere_tecnico_Italian_ingenier_teóric_Spanish_revista_Portuguese,engineer,1,06075,1930,NA,NA,NA,http://www.wikidata.org/entity/Q1256981|http://www.wikidata.org/entity/Q7414915,FALSE,FALSE,TRUE,FALSE
Q16226620,1977,-122.416389465332,37.77750015258789,Discovery/Science,scientist,D:_scientist_P:_scholar_research_scholar_English,scientist,1,06075,1970,NA,NA,NA,http://www.wikidata.org/entity/Q3113011,FALSE,FALSE,TRUE,FALSE
Q538786,1920,-83.61830139160156,42.24280166625977,Discovery/Science,cartographer,D:_cartographer_oceanographer_geologist_P:_geologist_cartographer_scientific_English_géologue_océanographe_French_cartograf_cartografía_cartógraf_Spanish_geólog_científic_Portuguese,cartographer,1,26161,1920,NA,NA,NA,http://www.wikidata.org/entity/Q230492|http://www.wikidata.org/entity/Q1075339|http://www.wikidata.org/entity/Q1848657,FALSE,FALSE,TRUE,FALSE
Q264460,1953,-78.9175033569336,35.06666564941406,Discovery/Science,astronaut,D:_astronaut_physician_P:_physician_astronaut_baker_English_astronaute_French_astronauta_medico_Italian_astronaut_German_médic_astro_astronauta_Spanish_médic_astronauta_veteran_Portuguese_astronaut_Swedish,astronaut,1,37051,1950,NA,NA,http://www.wikidata.org/entity/Q5125309,http://www.wikidata.org/entity/Q49115|http://www.wikidata.org/entity/Q681025|http://www.wikidata.org/entity/Q3567094|http://www.wikidata.org/entity/Q4874834,FALSE,TRUE,TRUE,FALSE
Q6274421,1958,-77.03666687011719,38.89500045776367,Discovery/Science,oncologist,D:_oncologist_P:_physician_scientist_medical_English,oncologist,1,11001,1950,NA,NA,NA,http://www.wikidata.org/entity/Q193727,FALSE,FALSE,TRUE,FALSE
Q3473773,1974,-72.92500305175781,41.30833435058594,Discovery/Science,computer_scientist,D:_computer_scientist_P:_innovation_executive_research_English_militant_citoyen_journaliste_French,computer_scientist,1,09009,1970,NA,NA,NA,http://www.wikidata.org/entity/Q49112|http://www.wikidata.org/entity/Q457281,FALSE,FALSE,TRUE,FALSE
Q4056821,1911,-79.7611083984375,34.93944549560547,Discovery/Science,scientist,D:_engineer_P:_scientist_educator_radio_English,scientist,1,37153,1910,NA,NA,NA,,FALSE,FALSE,FALSE,FALSE
Q1243485,1944,-94.06749725341797,33.43719863891602,Discovery/Science,physicist,D:_physicist_astronomer_P:_physicist_professor_astronomy_English_physicien_professeur_astronomie_French_physiker_German,physicist,1,48037,1940,NA,NA,NA,http://www.wikidata.org/entity/Q842909,FALSE,FALSE,TRUE,FALSE
Q4909966,1909,-73.5522232055664,41.0966682434082,Discovery/Science,engineer,D:_engineer_engineer_P:_naval_architect_sailing_English,engineer,1,09001,1900,NA,NA,NA,http://www.wikidata.org/entity/Q7739685,FALSE,FALSE,TRUE,FALSE
Q7079907,1908,-80.005279541015625,35.2158317565918,Discovery/Science,immunologist,D:_immunologist_paediatrician_physician_P:_pediatrician_pediatrics_army_English_médic_pediatra_coronel_Spanish,immunologist,1,37123,1900,NA,NA,NA,http://www.wikidata.org/entity/Q7914466,FALSE,FALSE,TRUE,FALSE
Q1684581,1854,-85,37.5,Discovery/Science,inventor,D:_inventor_P:_erfinder_kino_film_German,inventor,1,21045,1850,NA,NA,NA,,FALSE,FALSE,FALSE,FALSE
Q2404921,1881,-86.21666717529297,39.93333435058594,Discovery/Science,botanist,D:_botanist_P:_botaniste_French_botánic_Spanish_botânico_Portuguese,botanist,1,18057,1880,NA,NA,NA,,FALSE,FALSE,FALSE,FALSE
Q315845,1938,-77.4366683959961,37.54083251953125,Discovery/Science,astronomer,D:_astronomer_P:_astronomer_English_astronome_French_astronomo_Italian_astronom_German_astrónomo_enano_Spanish_astrônom_Portuguese_astronom_upptäck_Swedish,astronomer,1,51760,1930,NA,NA,NA,http://www.wikidata.org/entity/Q503419,FALSE,FALSE,TRUE,FALSE
Q5820007,1870,-72.31944274902344,42.10416793823242,Discovery/Science,botanist,D:_botanist_P:_botanist_chamberlain_English_botánic_biología_Spanish,botanist,1,25013,1870,NA,NA,NA,http://www.wikidata.org/entity/Q49165,FALSE,FALSE,TRUE,FALSE
Q6775526,1922,-75.16361236572266,39.95277786254883,Discovery/Science,biochemist,D:_biochemist_P:_biochemist_chemist_educator_English,biochemist,1,42101,1920,NA,NA,NA,http://www.wikidata.org/entity/Q1145814|http://www.wikidata.org/entity/Q3443159,FALSE,FALSE,TRUE,FALSE
Q786902,1928,-73.99028015136719,40.69277954101563,Discovery/Science,mathematician,D:_mathematician_academic_P:_mathematician_mathematics_communication_English_mathematiker_German,mathematician,1,36047,1920,NA,NA,NA,http://www.wikidata.org/entity/Q49088|http://www.wikidata.org/entity/Q131252,FALSE,FALSE,TRUE,FALSE
Q2839658,1839,-69.96305847167969,43.91083145141602,Discovery/Science,zoologist,D:_zoologist_academic_lepidopterist_P:_entomologist_palaeontologist_naturalist_English_zoologiste_géologue_French_entomologo_paleontologo_Italian_entomologe_paläontologe_German_geólog_entomologia_Portuguese_zoolog_paleontolog_Swedish,zoologist,1,23005,1830,http://www.wikidata.org/entity/Q4735311,http://www.wikidata.org/entity/Q182436,http://www.wikidata.org/entity/Q87916272,http://www.wikidata.org/entity/Q13371|http://www.wikidata.org/entity/Q895401,TRUE,TRUE,TRUE,TRUE
Q2275751,1915,-75.16361236572266,39.95277786254883,Discovery/Science,zoologist,D:_zoologist_mammalogist_ecologist_P:_zoologist_ecologist_professor_English_zoolog_zoólog_etolog_Spanish_zoólog_demograf_Portuguese,zoologist,1,42101,1910,NA,NA,NA,http://www.wikidata.org/entity/Q13371,FALSE,FALSE,TRUE,FALSE
Q510562,1922,-89.250274658203125,40.00027847290039,Discovery/Science,biologist,D:_biologist_academic_P:_biologist_professor_author_English_biologiste_enseignant_science_French_professor_forschung_wissenschaftlich_German_biolog_professor_forskning_Swedish,biologist,1,17107,1920,NA,NA,NA,http://www.wikidata.org/entity/Q309350|http://www.wikidata.org/entity/Q1179603,FALSE,FALSE,TRUE,FALSE
Q4355126,1927,-81.66972351074219,41.48222351074219,Discovery/Science,physiologist,D:_physiologist_endocrinologist_P:_medical_scientist_studies_English_physiologe_German,physiologist,1,39035,1920,NA,NA,NA,http://www.wikidata.org/entity/Q213439|http://www.wikidata.org/entity/Q7896544,FALSE,FALSE,TRUE,FALSE
Q202631,1911,-81.6500015258789,30.3166675567627,Discovery/Science,physicist,D:_physicist_scientist_academic_writer_academic_physicist_P:_physicist_world war_quantum_English_physicien_théoricien_French_fisico_Italian_physiker_professor_German_físic_teóric_Spanish_físic_teórico_Portuguese_ fysik_fysiker_stjärna_Swedish,physicist,1,12031,1910,http://www.wikidata.org/entity/Q23621428,http://www.wikidata.org/entity/Q182436,NA,http://www.wikidata.org/entity/Q49210|http://www.wikidata.org/entity/Q193727|http://www.wikidata.org/entity/Q7298442,TRUE,FALSE,TRUE,TRUE
Q7360762,1901,-74,40.70000076293945,Discovery/Science,zoologist,D:_zoologist_ichthyologist_P:_academic_ichthyologist_English,zoologist,1,36047,1900,NA,NA,NA,http://www.wikidata.org/entity/Q41506,FALSE,FALSE,TRUE,FALSE
Q7328783,1971,-112.0325012207031,43.49166488647461,Discovery/Science,mathematician,D:_mathematician_P:_mathematics_author_mathematics_English,mathematician,1,16019,1970,NA,NA,NA,http://www.wikidata.org/entity/Q21578,FALSE,FALSE,TRUE,FALSE
Q6846217,1959,-87.6500473022461,41.85002899169922,Discovery/Science,mathematician,D:_mathematician_P:_mathematician_mental calculator_educator_English_matemátic_educador_ducado_Portuguese,mathematician,1,17031,1950,NA,NA,NA,http://www.wikidata.org/entity/Q457281|http://www.wikidata.org/entity/Q7037040,FALSE,FALSE,TRUE,FALSE
Q676914,1933,-122.416389465332,37.77750015258789,Discovery/Science,computer_scientist,D:_computer_scientist_engineer_psychologist_academic_artificial_P:_psychologist_artificial_intelligence_English_psychologe_professor_German,computer_scientist,1,06075,1930,NA,NA,NA,http://www.wikidata.org/entity/Q41506,FALSE,FALSE,TRUE,FALSE
Q1626035,1895,-104.9847259521484,39.73916625976563,Discovery/Science,physiologist,D:_physiologist_academic_P:_physiologist_science_writer_English_physiologe_forschung_German,physiologist,1,08031,1890,NA,NA,NA,http://www.wikidata.org/entity/Q519427|http://www.wikidata.org/entity/Q858206,FALSE,FALSE,TRUE,FALSE
Q26243606,1898,-89.01363372802734,42.68547058105469,Discovery/Science,chemist,D:_chemist_P:_chemiker_German,chemist,1,55105,1890,NA,NA,NA,,FALSE,FALSE,FALSE,FALSE
Q5126638,1909,-92.459442138671875,46.7216682434082,Discovery/Science,chemist,D:_chemist_P:_chemist_physicist_industrial_English,chemist,1,27017,1900,NA,NA,NA,http://www.wikidata.org/entity/Q168756|http://www.wikidata.org/entity/Q238101,FALSE,FALSE,TRUE,FALSE
Q42810368,1977,-111.9261093139648,33.49305725097656,Discovery/Science,chemist,D:_chemist_P:_professor_chemist_science_English,chemist,1,04013,1970,NA,NA,NA,http://www.wikidata.org/entity/Q309350|http://www.wikidata.org/entity/Q1141571,FALSE,FALSE,TRUE,FALSE
Q1037711,1864,-78.0647201538086,43.19333267211914,Discovery/Science,biologist,D:_sculptor_P:_sculptor_biologist_conservationist_English_naturaliste_inventeur_French_ jäger_naturforscher_forscher_German_escultor_biólog_inventor_Spanish_zoolog_Swedish,biologist,1,36073,1860,NA,NA,NA,,FALSE,FALSE,FALSE,FALSE
Q108891,1922,-88.20417022705078,40.10972213745117,Discovery/Science,biochemist,D:_biochemist_chemist_P:_biochemist_chemist_medicine_English_chimiste_biochimiste_médecine_French_biochimico_chimico_medicina_Italian_biochemiker_chemiker_German_bioquímic_químic_medicina_Spanish_bioquímic_químic_Portuguese_biokemist_kemist_vetenskap_Swedish,biochemist,1,17019,1920,NA,NA,NA,http://www.wikidata.org/entity/Q49115|http://www.wikidata.org/entity/Q457281|http://www.wikidata.org/entity/Q3567094|http://www.wikidata.org/entity/Q7900207,FALSE,FALSE,TRUE,FALSE
Q8004854,1916,-73.99028015136719,40.69277954101563,Discovery/Science,inventor,D:_inventor_P:_designer_entrepreneur_produced_English,inventor,1,36047,1910,NA,NA,NA,http://www.wikidata.org/entity/Q7404805|http://www.wikidata.org/entity/Q28206808,FALSE,FALSE,TRUE,FALSE
Q7273735,1954,-81.633331298828125,38.34722137451172,Discovery/Science,astronomer,D:_astronomer_P:_astronomer_photographer_astrophysicist_English,astronomer,1,54039,1950,NA,NA,NA,http://www.wikidata.org/entity/Q1379613,FALSE,FALSE,TRUE,FALSE
Q1699079,1873,-73.69249725341797,42.73166656494141,Discovery/Science,ecologist,D:_ecologist_academic_P:_gynecologist_ecologist_English_gynäkologe_German,ecologist,1,36083,1870,NA,NA,NA,http://www.wikidata.org/entity/Q193727|http://www.wikidata.org/entity/Q4709349,FALSE,FALSE,TRUE,FALSE
Q27312720,1875,-97.4800033569336,31.04000091552734,Discovery/Science,chemist,D:_chemist_P:_chemiker_German,chemist,1,48027,1870,NA,NA,NA,,FALSE,FALSE,FALSE,FALSE
Q26235906,1929,-118.1319427490234,34.15611267089844,Discovery/Science,computer_scientist,D:_computer_scientist_P:_research_engineer_scientist_English,computer_scientist,1,06037,1920,NA,NA,NA,http://www.wikidata.org/entity/Q190080,FALSE,FALSE,TRUE,FALSE
Q1904917,1930,-75.16361236572266,39.95277786254883,Discovery/Science,mathematician,D:_mathematician_P:_mathematician_physics_professor_English_mathematiker_German,mathematician,1,42101,1930,NA,NA,NA,http://www.wikidata.org/entity/Q49210,FALSE,FALSE,TRUE,FALSE
Q7931760,1915,-71.05777740478516,42.36027908325195,Discovery/Science,entomologist,D:_entomologist_zoologist_academic_P:_physiologist_entomologist_academic_English_physiologe_wissenschaftlich_veröffentlicht_German_entomologista_fisiologista_Portuguese,entomologist,1,25025,1910,NA,NA,NA,http://www.wikidata.org/entity/Q13371|http://www.wikidata.org/entity/Q15142,FALSE,FALSE,TRUE,FALSE
Q4169029,1915,-74.18499755859375,40.73527908325195,Discovery/Science,botanist,D:_botanist_P:_botánic_Spanish,botanist,1,34013,1910,NA,NA,NA,http://www.wikidata.org/entity/Q130965,FALSE,FALSE,TRUE,FALSE
Q20710907,1931,-83.94999694824219,35.96666717529297,Discovery/Science,academic,D:_P:_academic_engineer_mechanics_English,engineer,1,47093,1930,NA,NA,NA,http://www.wikidata.org/entity/Q309350|http://www.wikidata.org/entity/Q1150105|http://www.wikidata.org/entity/Q5061189,FALSE,FALSE,TRUE,FALSE
Q5203509,1921,-73.99028015136719,40.69277954101563,Discovery/Science,engineer,D:_engineer_P:_engineer_business_executive_English,engineer,1,36047,1920,NA,NA,NA,http://www.wikidata.org/entity/Q49115,FALSE,FALSE,TRUE,FALSE
Q18645695,1924,-87.55583190917969,37.97472381591797,Discovery/Science,mathematician,D:_mathematician_computer_scientist_P:_mathematician_butler_scientific_English,mathematician,1,18163,1920,NA,NA,NA,http://www.wikidata.org/entity/Q6608367,FALSE,FALSE,TRUE,FALSE
Q18738713,1862,-76.61499786376953,39.2863883972168,Discovery/Science,chemist,D:_chemist_P:_chemist_militar_world war_English,chemist,1,24510,1860,NA,NA,NA,http://www.wikidata.org/entity/Q152838|http://www.wikidata.org/entity/Q213439,FALSE,FALSE,TRUE,FALSE
Q55759924,1927,-94.10333251953125,45.39861297607422,Discovery/Science,astronaut,D:_P:_astronaut_English,astronaut,1,27145,1920,NA,NA,NA,,FALSE,FALSE,FALSE,FALSE
Q22582880,1922,-74.42790222167969,40.50080108642578,Discovery/Science,chemist,D:_chemist_P:_chemiker_German,chemist,1,34023,1920,NA,NA,NA,,FALSE,FALSE,FALSE,FALSE
Q7982364,1814,-76.61499786376953,39.2863883972168,Discovery/Science,engineer,D:_engineer_inventor_P:_engineer_patent_railroad_English_ingénieur_French_ingenieur_bau_eisenbahn_German,engineer,1,24510,1810,NA,NA,NA,,FALSE,FALSE,FALSE,FALSE
Q3110907,1924,-118.2436828613281,34.05223083496094,Discovery/Science,engineer,D:_engineer_P:_inventor_entrepreneur_militar_English_ingénieur_modèle_police_French_inventore_imprenditore_Italian,engineer,1,06037,1920,NA,NA,NA,,FALSE,FALSE,FALSE,FALSE
Q29904483,1943,-92,31,Discovery/Science,physicist,D:_physicist_P:_professor_physics_research_English,physicist,1,22009,1940,NA,NA,NA,http://www.wikidata.org/entity/Q842909,FALSE,FALSE,TRUE,FALSE
Q907680,1919,-83.04750061035156,42.3316650390625,Discovery/Science,chemist,D:_chemist_academic_P:_scientist_medicine_scientist_English_chemiker_German_cientista_Portuguese,chemist,1,26163,1910,NA,NA,NA,http://www.wikidata.org/entity/Q230492|http://www.wikidata.org/entity/Q309350|http://www.wikidata.org/entity/Q1320232|http://www.wikidata.org/entity/Q5061175,FALSE,FALSE,TRUE,FALSE
Q23945429,1906,-111.6399993896484,40.10444259643555,Discovery/Science,entomologist,D:_entomologist_P:_professor_entomology_army_English,entomologist,1,49049,1900,NA,NA,NA,http://www.wikidata.org/entity/Q332498|http://www.wikidata.org/entity/Q1136919,FALSE,FALSE,TRUE,FALSE
Q7348123,1904,-92.37999725341797,32.83000183105469,Discovery/Science,geographer,D:_geographer_teacher_sociologist_P:_sociologist_academic_science_English,geographer,1,22111,1900,NA,NA,NA,http://www.wikidata.org/entity/Q1521725|http://www.wikidata.org/entity/Q1872239,FALSE,FALSE,TRUE,FALSE
Q16221578,1939,-80.649169921875,41.09638977050781,Discovery/Science,physicist,D:_physicist_P:_physicist_English,physicist,1,39099,1930,NA,NA,NA,http://www.wikidata.org/entity/Q49123|http://www.wikidata.org/entity/Q168756,FALSE,FALSE,TRUE,FALSE
Q6860209,1912,-104.8019409179688,41.14555740356445,Discovery/Science,biologist,D:_biologist_P:_fisher_English,biologist,1,56021,1910,NA,NA,NA,http://www.wikidata.org/entity/Q219563,FALSE,FALSE,TRUE,FALSE
Q3483326,1843,-70.538330078125,44.21166610717773,Discovery/Science,zoologist,D:_zoologist_entomologist_carcinologist_P:_zoologist_English_zoologiste_French_zoolog_Swedish,zoologist,1,23017,1840,NA,NA,NA,http://www.wikidata.org/entity/Q7492742|http://www.wikidata.org/entity/Q8047425,FALSE,FALSE,TRUE,FALSE
Q535384,1891,-81.6500015258789,30.3166675567627,Discovery/Science,botanist,D:_botanist_geneticist_academic_P:_geneticist_produced_science_English_généticien_génétique_French_genetista_Italian_genetiker_German_genética_genetista_Spanish_geneticista_eticista_Portuguese,botanist,1,12031,1890,http://www.wikidata.org/entity/Q102326929,NA,NA,http://www.wikidata.org/entity/Q49088,TRUE,FALSE,TRUE,FALSE
Q6525606,1952,-71.01249694824219,42.40833282470703,Discovery/Science,biologist,D:_biologist_P:_biologist_research_professor_English,biologist,1,25025,1950,NA,NA,NA,http://www.wikidata.org/entity/Q13371,FALSE,FALSE,TRUE,FALSE
Q1800097,1950,-88.151947021484375,40.30472183227539,Discovery/Science,astronaut,D:_officer_astronaut_P:_astronaut_English_astronaute_French_astronauta_Italian_astronaut_German_astronauta_Portuguese_astronaut_Swedish,astronaut,1,17019,1950,NA,NA,NA,http://www.wikidata.org/entity/Q161562|http://www.wikidata.org/entity/Q3428253|http://www.wikidata.org/entity/Q7291833,FALSE,FALSE,TRUE,FALSE
Q4162571,1913,-92.098052978515625,46.78694534301758,Discovery/Science,academic,D:_academic_P:_mathematician_research_marine_English_mathematiker_führen_professor_German_matemátic_marinha_Portuguese,mathematician,1,27137,1910,NA,NA,NA,http://www.wikidata.org/entity/Q230492|http://www.wikidata.org/entity/Q7895753,FALSE,FALSE,TRUE,FALSE
Q2923472,1843,-70.940277099609375,42.22083282470703,Discovery/Science,zoologist,D:_zoologist_ornithologist_P:_ornithologist_English_ornithologue_French,zoologist,1,25021,1840,NA,NA,NA,,FALSE,FALSE,FALSE,FALSE
Q1292426,1875,-76.14442443847656,43.04689788818359,Discovery/Science,mineralogist,D:_mineralogist_academic_P:_professor_dean_science_English_mineraloge_German,mineralogist,1,36067,1870,NA,NA,NA,,FALSE,FALSE,FALSE,FALSE
Q5006379,1937,-122.416389465332,37.77750015258789,Discovery/Science,engineer,D:_engineer_P:_engineer_professor_mechanic_English,engineer,1,06075,1930,NA,NA,NA,http://www.wikidata.org/entity/Q168756,FALSE,FALSE,TRUE,FALSE
Q5128629,1907,-98.579498291015625,39.82817459106445,Discovery/Science,physicist,D:_physicist_P:_physicist_English,physicist,1,20183,1900,NA,NA,NA,http://www.wikidata.org/entity/Q230492,FALSE,FALSE,TRUE,FALSE
Q22005669,1955,-89.97110748291016,35.11750030517578,Discovery/Science,scientist,D:_scientist_P:_research_professor_medicine_English,scientist,1,47157,1950,NA,NA,NA,http://www.wikidata.org/entity/Q193727|http://www.wikidata.org/entity/Q1150105,FALSE,FALSE,TRUE,FALSE
Q328340,1913,-86.21666717529297,39.93333435058594,Discovery/Science,mathematician,D:_mathematician_economist_P:_mathematician_economist_mathematician_English_économiste_mathématicien_French_matematico_economista_studi_Italian_mathematiker_wissenschaftler_marxistisch_German_matemátic_economista_marxista_Spanish,mathematician,1,18057,1910,NA,NA,NA,http://www.wikidata.org/entity/Q13371|http://www.wikidata.org/entity/Q609646,FALSE,FALSE,TRUE,FALSE
Q337213,1914,-85.75138854980469,38.25611114501953,Discovery/Science,astronomer,D:_astronomer_P:_astronomer_designer_astronomer_English_astronom_optiker_entwickler_German,astronomer,1,21111,1910,NA,NA,NA,http://www.wikidata.org/entity/Q13371|http://www.wikidata.org/entity/Q1317143|http://www.wikidata.org/entity/Q5310013,FALSE,FALSE,TRUE,FALSE
Q5342694,1931,-73.99028015136719,40.69277954101563,Discovery/Science,engineer,D:_engineer_P:_engineer_research_patent_English_engenheir_patente_Portuguese,engineer,1,36047,1930,NA,NA,NA,http://www.wikidata.org/entity/Q2749572,FALSE,FALSE,TRUE,FALSE
Q163968,1929,-74.5,40,Discovery/Science,engineer,D:_engineer_P:_engineer_inventor_drama_English_ingenieur_erfinder_German,engineer,1,34029,1920,NA,NA,NA,http://www.wikidata.org/entity/Q585828|http://www.wikidata.org/entity/Q1393301|http://www.wikidata.org/entity/Q3272013,FALSE,FALSE,TRUE,FALSE
Q4765273,1964,-86.52916717529297,39.16222381591797,Discovery/Science,neuroscientist,D:_neuroscientist_P:_neuroscientist_scientist_research_English,neuroscientist,1,18105,1960,NA,NA,NA,http://www.wikidata.org/entity/Q41506|http://www.wikidata.org/entity/Q49121|http://www.wikidata.org/entity/Q161562|http://www.wikidata.org/entity/Q1156653,FALSE,FALSE,TRUE,FALSE
Q27962692,1947,-88.88533020019531,30.39599990844727,Discovery/Science,palaeontologist,D:_palaeontologist_P:_paléontologue_professeur_anatomie_French,palaeontologist,1,28059,1940,NA,NA,NA,,FALSE,FALSE,FALSE,FALSE
Q47090842,1989,-73.49568176269531,41.57926177978516,Discovery/Science,meteorologist,D:_meteorologist_P:_athlete_meteorologist_warrior_English,meteorologist,1,09001,1980,NA,NA,NA,http://www.wikidata.org/entity/Q7494438,FALSE,FALSE,TRUE,FALSE
Q3710503,1923,-82.63999938964844,27.77305603027344,Discovery/Science,mathematician,D:_mathematician_P:_mathematician_discover_son_English_mathématicien_découverte_French_matemátic_hijo_Spanish,mathematician,1,12103,1920,NA,NA,NA,,FALSE,FALSE,FALSE,FALSE
Q5233495,1947,-94.58333587646484,39.04999923706055,Discovery/Science,epidemiologist,D:_epidemiologist_psychologist_P:_research_studies_professor_English,epidemiologist,1,29095,1940,NA,NA,NA,http://www.wikidata.org/entity/Q49114|http://www.wikidata.org/entity/Q940690|http://www.wikidata.org/entity/Q1422594|http://www.wikidata.org/entity/Q3421339|http://www.wikidata.org/entity/Q6825055,FALSE,FALSE,TRUE,FALSE
Q15997847,1862,-74,40.70000076293945,Discovery/Science,engineer,D:_engineer_P:_engineer_English,engineer,1,36047,1860,NA,NA,NA,http://www.wikidata.org/entity/Q5149833,FALSE,FALSE,TRUE,FALSE
Q7615354,1940,-73.9655532836914,41.50416564941406,Discovery/Science,biologist,D:_biologist_P:_mechanics_research_duke_English,biologist,1,36027,1940,NA,NA,NA,http://www.wikidata.org/entity/Q13371|http://www.wikidata.org/entity/Q49120|http://www.wikidata.org/entity/Q7074307,FALSE,FALSE,TRUE,FALSE
Q7627192,1891,-73.85972595214844,41.06916809082031,Discovery/Science,zoologist,D:_zoologist_entomologist_P:_professor_entomology_professor_English,zoologist,1,36119,1890,NA,NA,NA,http://www.wikidata.org/entity/Q49115,FALSE,FALSE,TRUE,FALSE
Q21290179,1902,-96.95916748046875,40.62472152709961,Discovery/Science,geneticist,D:_geneticist_P:_geneticist_research_faculty_English_genetista_studi_Italian_geneticista_eticista_Portuguese,geneticist,1,31151,1900,NA,NA,NA,http://www.wikidata.org/entity/Q49115|http://www.wikidata.org/entity/Q1353679,FALSE,FALSE,TRUE,FALSE
Q3076441,1935,-85.75138854980469,38.25611114501953,Discovery/Science,engineer,D:_engineer_P:_engineer_English_ingénieur_French_ingenier_jefe_Spanish,engineer,1,21111,1930,NA,NA,NA,http://www.wikidata.org/entity/Q309331|http://www.wikidata.org/entity/Q503415|http://www.wikidata.org/entity/Q747179,FALSE,FALSE,TRUE,FALSE
Q1585886,1940,-71.05777740478516,42.36027908325195,Discovery/Science,physicist,D:_physicist_academic_P:_physiker_German,physicist,1,25025,1940,NA,NA,NA,,FALSE,FALSE,FALSE,FALSE
Q1398929,1915,-122.6666641235352,45.51666641235352,Discovery/Science,mathematician,D:_mathematician_historian_historian_academic_P:_mathematician_historian_mathematics_English_matematico_Italian_mathematik_historiker_German_matemátic_historiador_Spanish,mathematician,1,41051,1910,NA,NA,NA,http://www.wikidata.org/entity/Q168756|http://www.wikidata.org/entity/Q174570|http://www.wikidata.org/entity/Q193196|http://www.wikidata.org/entity/Q209842,FALSE,FALSE,TRUE,FALSE
Q6076630,1921,-75.16361236572266,39.95277786254883,Discovery/Science,computer_scientist,D:_computer_scientist_engineer_P:_advocate_patent_science_English,computer_scientist,1,42101,1920,NA,NA,NA,http://www.wikidata.org/entity/Q13371|http://www.wikidata.org/entity/Q603034,FALSE,FALSE,TRUE,FALSE
Q5902779,1844,-75.23188781738281,43.0965690612793,Discovery/Science,engineer,D:_engineer_P:_engineer_surveyor_politician_English,engineer,1,36065,1840,NA,NA,NA,http://www.wikidata.org/entity/Q49112|http://www.wikidata.org/entity/Q2599077,FALSE,FALSE,TRUE,FALSE
Q5110672,1933,-93.2691650390625,44.9819450378418,Discovery/Science,chemist,D:_chemist_P:_academic_chemist_English,chemist,1,27053,1930,NA,NA,NA,http://www.wikidata.org/entity/Q1145814|http://www.wikidata.org/entity/Q7758353,FALSE,FALSE,TRUE,FALSE
Q1457071,1950,-71.05777740478516,42.36027908325195,Discovery/Science,biologist,D:_geneticist_biologist_academic_P:_biologist_genetics_studies_English_genetiker_biologe_German,biologist,1,25025,1950,NA,NA,NA,http://www.wikidata.org/entity/Q35794|http://www.wikidata.org/entity/Q49108,FALSE,FALSE,TRUE,FALSE
Q358641,1919,-111.9611129760742,41.22777938842773,Discovery/Science,chemist,D:_officer_chemist_academic_P:_chemist_witness_press_English_chimiste_presse_invention_French_chimico_fisico_amante_Italian_mormone_chemiker_German_químic_físic_amante_Spanish_químic_amante_marinha_Portuguese,chemist,1,49057,1910,NA,NA,http://www.wikidata.org/entity/Q132157378,http://www.wikidata.org/entity/Q168515,FALSE,TRUE,TRUE,FALSE
Q6255739,1939,-91.64044189453125,44.04788970947266,Discovery/Science,biologist,D:_biologist_geneticist_P:_geneticist_physiologist_professor_English,biologist,1,27169,1930,NA,NA,NA,http://www.wikidata.org/entity/Q13371|http://www.wikidata.org/entity/Q193727,FALSE,FALSE,TRUE,FALSE
Q5643932,1875,-71.05777740478516,42.36027908325195,Discovery/Science,botanist,D:_botanist_P:_botánic_Spanish,botanist,1,25025,1870,NA,NA,NA,,FALSE,FALSE,FALSE,FALSE
Q3418302,1890,-85.16059875488281,39.91139984130859,Discovery/Science,inventor,D:_inventor_P:_inventor_invented_manufacturer_English_inventeur_mécanicien_French,inventor,1,18177,1890,NA,NA,NA,http://www.wikidata.org/entity/Q7896095,FALSE,FALSE,TRUE,FALSE
Q710637,1861,-71.05777740478516,42.36027908325195,Discovery/Science,chemist,D:_chemist_academic_P:_chemiker_hochschullehrer_German,chemist,1,25025,1860,NA,NA,NA,,FALSE,FALSE,FALSE,FALSE
Q7350645,1952,-77.03666687011719,38.89500045776367,Discovery/Science,mathematician,D:_mathematician_P:_mathematician_English_mathématicien_surf_French,mathematician,1,11001,1950,NA,NA,NA,http://www.wikidata.org/entity/Q13371|http://www.wikidata.org/entity/Q7964080,FALSE,FALSE,TRUE,FALSE
Q1325726,1906,-71.0999984741211,42.38750076293945,Discovery/Science,academic,D:_academic_epidemiologist_P:_epidemiologist_research_English_professor_architekt_German,epidemiologist,1,25017,1900,NA,NA,NA,http://www.wikidata.org/entity/Q13371|http://www.wikidata.org/entity/Q49124|http://www.wikidata.org/entity/Q5676556,FALSE,FALSE,TRUE,FALSE
Q1609122,1882,-97.396697998046875,42.87130737304688,Discovery/Science,entomologist,D:_entomologist_P:_entomologist_English_entomologiste_inventeur_French_entomologe_German,entomologist,1,46135,1880,NA,NA,NA,,FALSE,FALSE,FALSE,FALSE
Q239229,1818,-70.09088897705078,41.27675628662109,Discovery/Science,astronomer,D:_astronomer_librarian_academic_P:_astronomer_discover_miss_English_astronome_French_ re_Italian_astronom_kämpfer_German_ astro_mujer_cometa_Spanish_astrônom_senhorita_oficial_Portuguese_första kvinnliga_astronom_Swedish,astronomer,1,25019,1810,http://www.wikidata.org/entity/Q99508931,NA,http://www.wikidata.org/entity/Q125417311,,TRUE,TRUE,FALSE,FALSE
Q5341956,1852,-72.92500305175781,41.30833435058594,Discovery/Science,physicist,D:_physicist_P:_physicist_educator_physics_English,physicist,1,09009,1850,NA,NA,NA,http://www.wikidata.org/entity/Q2599077|http://www.wikidata.org/entity/Q5577256|http://www.wikidata.org/entity/Q5900712|http://www.wikidata.org/entity/Q8047384|http://www.wikidata.org/entity/Q14714934,FALSE,FALSE,TRUE,FALSE
Q24512643,1938,-84.51249694824219,39.09999847412109,Discovery/Science,chemist,D:_chemist_P:_chemiker_hochschullehrer_German,chemist,1,21117,1930,NA,NA,NA,,FALSE,FALSE,FALSE,FALSE
Q1928924,1924,-74.211669921875,40.76610946655273,Discovery/Science,immunologist,D:_immunologist_P:_physician_immunologist_medical_English_immunologe_forscher_German,immunologist,1,34013,1920,NA,NA,NA,http://www.wikidata.org/entity/Q21578|http://www.wikidata.org/entity/Q7896544,FALSE,FALSE,TRUE,FALSE
Q29453243,1950,-122.3130569458008,37.55416488647461,Discovery/Science,biologist,D:_biologist_P:_biologist_research_professor_English,biologist,1,06081,1950,NA,NA,NA,http://www.wikidata.org/entity/Q1047293,FALSE,FALSE,TRUE,FALSE
Q4077471,1927,-98.579498291015625,39.82817459106445,Discovery/Science,botanist,D:_botanist_P:_botánic_horticultor_expedicion_Spanish,botanist,1,20183,1920,NA,NA,NA,,FALSE,FALSE,FALSE,FALSE
Q14395583,1929,-70.81666564941406,41.65833282470703,Discovery/Science,aerospace,D:_aerospace_engineer_P:_aerospace_engineer_academic_English_ingénieur_French,aerospace,1,25023,1920,NA,NA,NA,http://www.wikidata.org/entity/Q213439|http://www.wikidata.org/entity/Q1048898|http://www.wikidata.org/entity/Q1472358|http://www.wikidata.org/entity/Q5430466,FALSE,FALSE,TRUE,FALSE
Q14554957,1892,-88.35832977294922,42.6511116027832,Discovery/Science,chemist,D:_chemist_historian_P:_chemist_science_historian_English_chimiste_historien_science_French_historiker_German,chemist,1,55127,1890,NA,NA,NA,http://www.wikidata.org/entity/Q52413,FALSE,FALSE,TRUE,FALSE
Q1989591,1920,-122.2680587768555,37.87027740478516,Discovery/Science,chemist,D:_chemist_P:_chemist_discover_English_químic_Spanish,chemist,1,06001,1920,NA,NA,NA,http://www.wikidata.org/entity/Q168756,FALSE,FALSE,TRUE,FALSE
Q3568593,1859,-82.98388671875,39.33638763427734,Discovery/Science,botanist,D:_botanist_P:_botanist_ethnologist_educator_English_botaniste_French_profesor_botánic_etnólog_Spanish_botânico_etnólog_Portuguese,botanist,1,39141,1850,NA,NA,NA,http://www.wikidata.org/entity/Q13371|http://www.wikidata.org/entity/Q49112|http://www.wikidata.org/entity/Q432637|http://www.wikidata.org/entity/Q559549,FALSE,FALSE,TRUE,FALSE
Q1508132,1956,-73.98527526855469,44.28555679321289,Discovery/Science,astronomer,D:_astronomer_P:_astronomer_broadcast_technician_English_astronome_French_astronomo_Italian_astronom_entdecker_techniker_German,astronomer,1,36031,1950,NA,NA,NA,,FALSE,FALSE,FALSE,FALSE
Q902112,1938,-87.6500473022461,41.85002899169922,Discovery/Science,biochemist,D:_biochemist_academic_P:_biochemist_chemist_biophysics_English_genetista_Italian_biochemiker_chemiker_herausgeber_German_bioquímic_químic_academia_Spanish_bioquímic_químic_política_Portuguese,biochemist,1,17031,1930,NA,NA,NA,http://www.wikidata.org/entity/Q13371|http://www.wikidata.org/entity/Q49123,FALSE,FALSE,TRUE,FALSE
Q476205,1921,-80.5,41.23329925537109,Discovery/Science,physicist,D:_physicist_scientist_P:_physicist_discover_English_physicien_French_fisico_fisica_Italian_physiker_German_físic_Spanish_físic_Portuguese,physicist,1,42085,1920,NA,NA,NA,http://www.wikidata.org/entity/Q457281,FALSE,FALSE,TRUE,FALSE
Q731876,1846,-87.627777099609375,41.88194274902344,Discovery/Science,inventor,D:_inventor_engineer_P:_salesman_mechanic_engineer_English_inventeur_invention_brevet_French_inventore_ingegnere_Italian_erfinder_German_ vendedor_vendedor_ingenier_Spanish,inventor,1,17031,1840,NA,NA,NA,http://www.wikidata.org/entity/Q669442,FALSE,FALSE,TRUE,FALSE
Q5273417,1940,-80.5,39,Discovery/Science,engineer,D:_P:_engineer_English,engineer,1,54041,1940,NA,NA,NA,,FALSE,FALSE,FALSE,FALSE
Q5040752,1955,-73.99028015136719,40.69277954101563,Discovery/Science,biologist,D:_biologist_writer_P:_author_research_professor_English_biologo_autore_professore_Italian,biologist,1,36047,1950,NA,NA,NA,http://www.wikidata.org/entity/Q499451|http://www.wikidata.org/entity/Q1140241|http://www.wikidata.org/entity/Q3508982|http://www.wikidata.org/entity/Q4359408,FALSE,FALSE,TRUE,FALSE
Q21176991,1855,-75.07330322265625,40.82979965209961,Discovery/Science,chemist,D:_chemist_P:_academic_dean_academic_English,chemist,1,34041,1850,NA,NA,NA,http://www.wikidata.org/entity/Q457281,FALSE,FALSE,TRUE,FALSE
Q937063,1932,-74,40.70000076293945,Discovery/Science,physicist,D:_physicist_astronomer_astrophysicist_writer_P:_astrophysicist_physicist_author_English_astrophysicien_physicien_essayiste_French_physiker_liberale_kritiker_German_escritor_astro_físic_Spanish_físic_escritor_Portuguese,physicist,1,36047,1930,http://www.wikidata.org/entity/Q110954443,http://www.wikidata.org/entity/Q482980,http://www.wikidata.org/entity/Q107053107,http://www.wikidata.org/entity/Q21578|http://www.wikidata.org/entity/Q49115|http://www.wikidata.org/entity/Q49210|http://www.wikidata.org/entity/Q4682076,TRUE,TRUE,TRUE,TRUE
Q23058029,1929,-116.9599990844727,32.79833221435547,Discovery/Science,oceanographer,D:_oceanographer_P:_oceanographer_English,oceanographer,1,06073,1920,NA,NA,NA,,FALSE,FALSE,FALSE,FALSE
Q92674,1928,-122.3320693969727,47.60620880126953,Discovery/Science,computer_scientist,D:_programmer_computer_scientist_P:_ radio_English_informatiker_German_montagem_Portuguese,computer_scientist,1,53033,1920,NA,NA,NA,http://www.wikidata.org/entity/Q349055,FALSE,FALSE,TRUE,FALSE
Q24884957,1893,-75.16361236572266,39.95277786254883,Discovery/Science,biologist,D:_biologist_P:_physician_medical_genetics_English,biologist,1,42101,1890,NA,NA,NA,http://www.wikidata.org/entity/Q4134258,FALSE,FALSE,TRUE,FALSE
Q7149363,1899,-118.1308364868164,33.93805694580078,Discovery/Science,inventor,D:_inventor_luthier_cyclist_music_P:_inventor_designer_guitar_English_inventeur_French,inventor,1,06037,1890,NA,NA,NA,,FALSE,FALSE,FALSE,FALSE
Q7945702,1952,-87.6500473022461,41.85002899169922,Discovery/Science,biologist,D:_biologist_epidemiologist_P:_professor_physician_surgeon_English,biologist,1,17031,1950,NA,NA,NA,http://www.wikidata.org/entity/Q1051840|http://www.wikidata.org/entity/Q3551351|http://www.wikidata.org/entity/Q7380723,FALSE,FALSE,TRUE,FALSE
Q7701985,1964,-118.2436828613281,34.05223083496094,Discovery/Science,computer_scientist,D:_computer_scientist_engineer_P:_professor_science_English,computer_scientist,1,06037,1960,NA,NA,NA,http://www.wikidata.org/entity/Q217741,FALSE,FALSE,TRUE,FALSE
Q22708720,1969,-88.0183334350586,43.05805587768555,Discovery/Science,programmer,D:_programmer_P:_programmer_episode_unemployed_English,programmer,1,55079,1960,NA,NA,NA,http://www.wikidata.org/entity/Q670897,FALSE,FALSE,TRUE,FALSE
Q1173228,1961,-74.36470031738281,40.71559906005859,Discovery/Science,programmer,D:_programmer_P:_engineer_English_entwickler_dokumentarfilm_film_German_ingenier_jefe_Spanish_modell_Swedish,programmer,1,34039,1960,NA,NA,NA,,FALSE,FALSE,FALSE,FALSE
Q6960309,1943,-86.20943450927734,35.36202239990234,Discovery/Science,astronomer,D:_astronomer_P:_astronomer_English_astrónomo_Spanish,astronomer,1,47031,1940,NA,NA,NA,http://www.wikidata.org/entity/Q230492|http://www.wikidata.org/entity/Q457281,FALSE,FALSE,TRUE,FALSE
Q454480,1927,-131.6466979980469,55.34308242797852,Discovery/Science,mathematician,D:_mathematician_academic_P:_mathematician_author_mathematician_English_mathematiker_German,mathematician,1,02130,1920,NA,NA,NA,http://www.wikidata.org/entity/Q174710,FALSE,FALSE,TRUE,FALSE
Q6796423,1953,-74.75611114501953,40.2216682434082,Discovery/Science,zoologist,D:_zoologist_academic_entomologist_P:_entomologist_research_science_English_entomologista_químic_Portuguese,zoologist,1,34021,1950,NA,NA,NA,http://www.wikidata.org/entity/Q49112|http://www.wikidata.org/entity/Q49115|http://www.wikidata.org/entity/Q5171560,FALSE,FALSE,TRUE,FALSE
Q3237312,1810,-79.93194580078125,32.78333282470703,Discovery/Science,botanist,D:_botanist_naturalist_P:_naturaliste_médecin_French_ hijo_enseñar_estudios_Spanish_médic_naturalista_Portuguese,botanist,1,45019,1810,NA,NA,NA,,FALSE,FALSE,FALSE,FALSE
Q318934,1967,-118.3461074829102,33.95750045776367,Discovery/Science,astronaut,D:_astronaut_teacher_mathematician_geologist_P:_educator_geologist_astronaut_English_astronaute_French_astronauta_geologo_Italian_astronaut_German_profesor_geolog_geólog_Spanish_astronauta_Portuguese_astronaut_Swedish,astronaut,1,06037,1960,NA,NA,NA,http://www.wikidata.org/entity/Q263064|http://www.wikidata.org/entity/Q503419|http://www.wikidata.org/entity/Q5398899,FALSE,FALSE,TRUE,FALSE
Q2959019,1872,-74,40.70000076293945,Discovery/Science,astronomer,D:_astronomer_P:_astronomer_reporter_astronomer_English_astronome_French_astronomo_Italian_astrónomo_óptic_Spanish,astronomer,1,36047,1870,NA,NA,NA,,FALSE,FALSE,FALSE,FALSE
Q5341582,1876,-74,40.70000076293945,Discovery/Science,anatomist,D:_anatomist_P:_anatomist_father_neurologist_English,anatomist,1,36047,1870,NA,NA,NA,,FALSE,FALSE,FALSE,FALSE
Q6525374,1931,-74,40.70000076293945,Discovery/Science,biochemist,D:_biochemist_geneticist_immunologist_academic_P:_immunologist_geneticist_professor_English_biochemiker_chemiker_genetiker_German,biochemist,1,36047,1930,NA,NA,NA,http://www.wikidata.org/entity/Q161562,FALSE,FALSE,TRUE,FALSE
Q28727477,1927,-78.84944152832031,42.90472412109375,Discovery/Science,engineer,D:_engineer_P:_scientific_English,engineer,1,36029,1920,NA,NA,NA,http://www.wikidata.org/entity/Q457281|http://www.wikidata.org/entity/Q559549,FALSE,FALSE,TRUE,FALSE
Q685066,1927,-98.579498291015625,39.82817459106445,Discovery/Science,physicist,D:_physicist_physicist_P:_physicist_professor_physics_English,physicist,1,20183,1920,NA,NA,NA,http://www.wikidata.org/entity/Q214341|http://www.wikidata.org/entity/Q659080,FALSE,FALSE,TRUE,FALSE
Q5240610,1954,-73.42610931396484,40.86805725097656,Discovery/Science,physicist,D:_physicist_P:_professor_physics_research_English_physiker_German,physicist,1,36103,1950,NA,NA,NA,http://www.wikidata.org/entity/Q49108|http://www.wikidata.org/entity/Q1378320,FALSE,FALSE,TRUE,FALSE
Q4710259,1910,-90.19944763183594,38.62638854980469,Discovery/Science,physicist,D:_physicist_P:_mechanic_engineer_physics_English,physicist,1,29510,1910,NA,NA,NA,http://www.wikidata.org/entity/Q149990|http://www.wikidata.org/entity/Q777403,FALSE,FALSE,TRUE,FALSE
Q1064775,1920,-74,40.70000076293945,Discovery/Science,chemist,D:_chemist_academic_P:_research_patent_editor_English_chemiker_forscher_professor_German,chemist,1,36047,1920,NA,NA,NA,http://www.wikidata.org/entity/Q13371,FALSE,FALSE,TRUE,FALSE
Q8011925,1841,-70.934722900390625,41.63611221313477,Discovery/Science,chemist,D:_chemist_P:_chemist_English,chemist,1,25005,1840,http://www.wikidata.org/entity/Q117069984,NA,NA,http://www.wikidata.org/entity/Q1567748|http://www.wikidata.org/entity/Q3113011,TRUE,FALSE,TRUE,FALSE
Q463833,1931,-105.1091690063477,40.17166519165039,Discovery/Science,astronaut,D:_officer_astronaut_test_pilot_aerospace_P:_naval_officer_aviator_English_astronaute_French_astronauta_Italian_astronaut_German_astronauta_veteran_Portuguese_astronaut_Swedish,astronaut,1,08013,1930,NA,NA,NA,http://www.wikidata.org/entity/Q174710|http://www.wikidata.org/entity/Q736674|http://www.wikidata.org/entity/Q1128819|http://www.wikidata.org/entity/Q6674121,FALSE,FALSE,TRUE,FALSE
Q7599544,1920,-75.16361236572266,39.95277786254883,Discovery/Science,physicist,D:_physicist_academic_P:_physicist_dynamicist_professor_English_physicien_French_ingenieur_aerodynamik_professor_German_físic_Portuguese,physicist,1,42101,1920,NA,NA,NA,http://www.wikidata.org/entity/Q49117|http://www.wikidata.org/entity/Q161562,FALSE,FALSE,TRUE,FALSE
Q17326875,1879,-73.99028015136719,40.69277954101563,Discovery/Science,ornithologist,D:_ornithologist_P:_ornithologe_German,ornithologist,1,36047,1870,NA,NA,NA,,FALSE,FALSE,FALSE,FALSE
Q3133468,1865,-85.8469467163086,42.16722106933594,Discovery/Science,botanist,D:_botanist_physiologist_P:_physiologist_professor_curator_English_botaniste_French_botánic_micólogo_profesor_Spanish,botanist,1,26159,1860,NA,NA,NA,http://www.wikidata.org/entity/Q777403|http://www.wikidata.org/entity/Q1353679,FALSE,FALSE,TRUE,FALSE
Q4164276,1941,-87.6500473022461,41.85002899169922,Discovery/Science,biologist,D:_biologist_anthropologist_palaeontologist_P:_professor_bass_science_English_professeur_académie_science_French,biologist,1,17031,1940,NA,NA,NA,http://www.wikidata.org/entity/Q131252|http://www.wikidata.org/entity/Q230492,FALSE,FALSE,TRUE,FALSE
Q6136769,1933,-74,40.70000076293945,Discovery/Science,scientist,D:_scientist_P:_ dean_management_ceo_English,scientist,1,36047,1930,NA,NA,NA,http://www.wikidata.org/entity/Q739627|http://www.wikidata.org/entity/Q6063486,FALSE,FALSE,TRUE,FALSE
Q710619,1933,-81.66972351074219,41.48222351074219,Discovery/Science,biologist,D:_biologist_officer_scientist_physician_academic_P:_medical_scientist_research_English_médecin_biologiste_French_oncologo_Italian_biologe_mediziner_forschung_German_biólog_oncólog_profesor_Spanish_médic_Portuguese,biologist,1,39035,1930,NA,NA,NA,http://www.wikidata.org/entity/Q49121|http://www.wikidata.org/entity/Q309331|http://www.wikidata.org/entity/Q4899798,FALSE,FALSE,TRUE,FALSE
Q6913797,1891,-95.54769134521484,33.66250610351563,Discovery/Science,engineer,D:_engineer_P:_aviator_engineer_aviator_English,engineer,1,48277,1890,NA,NA,NA,,FALSE,FALSE,FALSE,FALSE
Q3565881,1922,-90.19944763183594,38.62638854980469,Discovery/Science,engineer,D:_engineer_P:_scientist_invention_English_physicien_French,engineer,1,29510,1920,NA,NA,NA,http://www.wikidata.org/entity/Q49108,FALSE,FALSE,TRUE,FALSE
Q20715142,1919,-90.0750732421875,29.95465087890625,Discovery/Science,aerospace,D:_aerospace_P:_engineer_advisor_air force_English,aerospace,1,22071,1910,NA,NA,NA,http://www.wikidata.org/entity/Q1521725,FALSE,FALSE,TRUE,FALSE
Q451676,1926,-118.1350021362305,34.08194351196289,Discovery/Science,mathematician,D:_mathematician_academic_P:_logician_model_logician_English_mathématicien_French_matemátic_modelo_modelo_Portuguese,mathematician,1,06037,1920,NA,NA,NA,http://www.wikidata.org/entity/Q168756|http://www.wikidata.org/entity/Q7227384,FALSE,FALSE,TRUE,FALSE
Q1322669,1956,-73.41500091552734,40.67166519165039,Discovery/Science,astronaut,D:_officer_astronaut_P:_astronaut_English_astronaute_French_astronauta_Italian_astronaut_German_astronauta_Portuguese_astronaut_Swedish,astronaut,1,36103,1950,NA,NA,NA,http://www.wikidata.org/entity/Q1331280|http://www.wikidata.org/entity/Q4746989,FALSE,FALSE,TRUE,FALSE
Q21938047,1934,-77.4366683959961,37.54083251953125,Discovery/Science,scientist,D:_scientist_P:_professor_biophysics_physics_English,scientist,1,51760,1930,NA,NA,NA,http://www.wikidata.org/entity/Q21578|http://www.wikidata.org/entity/Q49088|http://www.wikidata.org/entity/Q2154182,FALSE,FALSE,TRUE,FALSE
Q1687344,1923,-73.99028015136719,40.69277954101563,Discovery/Science,physicist,D:_physicist_P:_physiker_German,physicist,1,36047,1920,NA,NA,NA,http://www.wikidata.org/entity/Q49117,FALSE,FALSE,TRUE,FALSE
Q6281486,1899,-74,40.70000076293945,Discovery/Science,statistician,D:_statistician_P:_physicist_physician_statistician_English_physicien_médecin_statisticien_French_estadístic_Spanish,statistician,1,36047,1890,NA,NA,NA,http://www.wikidata.org/entity/Q193727,FALSE,FALSE,TRUE,FALSE
Q15454445,1928,-82.95330047607422,37.1796989440918,Discovery/Science,mathematician,D:_mathematician_academic_P:_mathematician_English_mathematiker_German_matemátic_Portuguese,mathematician,1,21133,1920,NA,NA,NA,http://www.wikidata.org/entity/Q217741,FALSE,FALSE,TRUE,FALSE
Q24259927,1933,-73.94000244140625,40.66999816894531,Discovery/Science,physicist,D:_physicist_P:_physicist_English,physicist,1,36047,1930,NA,NA,NA,,FALSE,FALSE,FALSE,FALSE
Q5344697,1829,-74.95999908447266,42.20000076293945,Discovery/Science,geologist,D:_geologist_academic_P:_geologist_English_geologo_Italian_geologe_German,geologist,1,36025,1820,NA,NA,NA,http://www.wikidata.org/entity/Q13371|http://www.wikidata.org/entity/Q309331|http://www.wikidata.org/entity/Q3113011|http://www.wikidata.org/entity/Q5676553,FALSE,FALSE,TRUE,FALSE
Q6831278,1956,-117.3724975585938,33.98222351074219,Discovery/Science,aerospace,D:_politician_P:_administrator_aerospace_employee_English_ciência_Portuguese,aerospace,1,06065,1950,NA,NA,NA,http://www.wikidata.org/entity/Q21578|http://www.wikidata.org/entity/Q1075148|http://www.wikidata.org/entity/Q2349578|http://www.wikidata.org/entity/Q7063443,FALSE,FALSE,TRUE,FALSE
Q3051183,1892,-75.061798095703125,40.92929840087891,Discovery/Science,zoologist,D:_zoologist_academic_P:_zoologist_professor_zoologist_English_zoologiste_embryologiste_professeur_French_zoolog_zoólog_profesor_Spanish_zoólog_professor_Portuguese,zoologist,1,34041,1890,NA,NA,NA,http://www.wikidata.org/entity/Q49088|http://www.wikidata.org/entity/Q49112|http://www.wikidata.org/entity/Q131252,FALSE,FALSE,TRUE,FALSE
Q712620,1935,-119.4563903808594,35.14250183105469,Discovery/Science,mathematician,D:_mathematician_juggler_computer_scientist_P:_mathematician_architect_mathematics_English_mathématicien_architecte_mathématiques_French_matematico_matematica_Italian_mathematiker_German_matemátic_Spanish_matemátic_Portuguese_matematiker_geometri_chef_Swedish,mathematician,1,06029,1930,NA,NA,NA,http://www.wikidata.org/entity/Q168756,FALSE,FALSE,TRUE,FALSE
Q7350324,1944,-73.99028015136719,40.69277954101563,Discovery/Science,inventor,D:_inventor_P:_knife maker_English,inventor,1,36047,1940,NA,NA,NA,http://www.wikidata.org/entity/Q49210,FALSE,FALSE,TRUE,FALSE
Q11100941,1952,-75.16361236572266,39.95277786254883,Discovery/Science,mathematician,D:_mathematician_P:_professor_mathematics_research_English,mathematician,1,42101,1950,NA,NA,NA,http://www.wikidata.org/entity/Q49115|http://www.wikidata.org/entity/Q603034,FALSE,FALSE,TRUE,FALSE
Q7325749,1948,-81.63166809082031,28.13333320617676,Discovery/Science,naturalist,D:_naturalist_P:_naturalist_army_English,naturalist,1,12105,1940,NA,NA,NA,,FALSE,FALSE,FALSE,FALSE
Q15435533,1932,-111.3040008544922,42.3203010559082,Discovery/Science,physicist,D:_physicist_P:_physiker_German,physicist,1,16007,1930,NA,NA,NA,,FALSE,FALSE,FALSE,FALSE
Q92849,1946,-85.75138854980469,38.25611114501953,Discovery/Science,mathematician,D:_mathematician_novelist_writer_academic_computer_scientist_writer_P:_mathematician_computer scientist_scientist_English_auteur_science_French_ scrittore_matematico_autore_Italian_mathematiker_informatiker_autor_German_matemátic_autor_ciencia_Spanish_författare_hacker_ättling_Swedish,mathematician,1,21111,1940,NA,NA,NA,http://www.wikidata.org/entity/Q499451|http://www.wikidata.org/entity/Q1378320|http://www.wikidata.org/entity/Q7592208,FALSE,FALSE,TRUE,FALSE
Q15435847,1930,-111.7919464111328,40.3841667175293,Discovery/Science,professor,D:_P:_professor_chemist_professor_English,chemist,1,49049,1930,NA,NA,NA,http://www.wikidata.org/entity/Q168515,FALSE,FALSE,TRUE,FALSE
Q362190,1964,-74.23570251464844,40.76800155639648,Discovery/Science,astronaut,D:_officer_astronaut_P:_engineer_astronaut_navy_English_astronaute_commandant_expédition_French_astronauta_ufficiale_Italian_astronaut_bruder_raumfahrer_German_ astro_astronauta_sabio_Spanish_astronauta_aviador_veteran_Portuguese_astronaut_Swedish,astronaut,1,34013,1960,NA,NA,NA,http://www.wikidata.org/entity/Q1128819|http://www.wikidata.org/entity/Q1140241|http://www.wikidata.org/entity/Q1150105|http://www.wikidata.org/entity/Q7603615|http://www.wikidata.org/entity/Q7986120,FALSE,FALSE,TRUE,FALSE
Q741198,1903,-74,40.70000076293945,Discovery/Science,mathematician,D:_mathematician_academic_P:_mathematician_English_mathématicien_French_matematico_Italian_mathematiker_German_matemátic_Portuguese,mathematician,1,36047,1900,http://www.wikidata.org/entity/Q942386,http://www.wikidata.org/entity/Q16533,NA,http://www.wikidata.org/entity/Q13371,TRUE,FALSE,TRUE,TRUE
Q1507954,1923,-71.05777740478516,42.36027908325195,Discovery/Science,mathematician,D:_mathematician_academic_P:_mathematician_professor_mathematics_English_mathématicien_mathématiques_académie_French_matematico_Italian_mathematiker_German_ grupo_medallista_matemátic_Spanish_matemátic_Portuguese,mathematician,1,25025,1920,NA,NA,NA,http://www.wikidata.org/entity/Q13371|http://www.wikidata.org/entity/Q49129,FALSE,FALSE,TRUE,FALSE
Q4797892,1942,-87.6500473022461,41.85002899169922,Discovery/Science,biochemist,D:_biochemist_politician_P:_biochemist_chemist_conservative_English,biochemist,1,17031,1940,NA,NA,NA,http://www.wikidata.org/entity/Q161562|http://www.wikidata.org/entity/Q622664,FALSE,FALSE,TRUE,FALSE
Q319212,1905,-97.4394760131836,35.22258377075195,Discovery/Science,astronomer,D:_astronomer_physicist_engineer_P:_physicist_radio_engineer_English_physicien_ingénieur_radio_French_fisico_ingegnere_radio_Italian_physiker_ingenieur_astronom_German_ingenier_radio_comunicación_Spanish_físic_engenheir_rádio_Portuguese_bank_forskare_kommunikation_Swedish,astronomer,1,40027,1900,NA,NA,NA,http://www.wikidata.org/entity/Q838330,FALSE,FALSE,TRUE,FALSE
Q2347448,1940,-74,40.70000076293945,Discovery/Science,oncologist,D:_oncologist_academic_surgeon_P:_research_surgeon_professor_English_chirurg_forscher_German_cirurgiã_Portuguese,oncologist,1,36047,1940,NA,NA,NA,http://www.wikidata.org/entity/Q13371|http://www.wikidata.org/entity/Q193727,FALSE,FALSE,TRUE,FALSE
Q3568555,1857,-84.51249694824219,39.09999847412109,Discovery/Science,zoologist,D:_zoologist_lepidopterist_P:_entomologist_English_naturaliste_French,zoologist,1,21117,1850,NA,NA,NA,,FALSE,FALSE,FALSE,FALSE
Q5725085,1875,-81.44029998779297,40.29079818725586,Discovery/Science,mathematician,D:_mathematician_actuary_statistician_P:_mathematician_scientist_statistician_English_mathématicien_statisticien_French,mathematician,1,39157,1870,NA,NA,NA,http://www.wikidata.org/entity/Q49115|http://www.wikidata.org/entity/Q309331,FALSE,FALSE,TRUE,FALSE
Q7287325,1909,-71.51611328125,42.00833511352539,Discovery/Science,engineer,D:_engineer_P:_conservationist_author_carpenter_English,engineer,1,44007,1900,NA,NA,NA,http://www.wikidata.org/entity/Q49115|http://www.wikidata.org/entity/Q5171564,FALSE,FALSE,TRUE,FALSE
Q1680331,1926,-81.66972351074219,41.48222351074219,Discovery/Science,mathematician,D:_mathematician_academic_P:_mathematician_English_mathématicien_French_mathematiker_German_matemátic_matemática_Portuguese,mathematician,1,39035,1920,NA,NA,NA,http://www.wikidata.org/entity/Q13371|http://www.wikidata.org/entity/Q895401|http://www.wikidata.org/entity/Q7988234,FALSE,FALSE,TRUE,FALSE
Q1508323,1908,-75.16361236572266,39.95277786254883,Discovery/Science,mineralogist,D:_mineralogist_P:_mineraloge_German,mineralogist,1,42101,1900,NA,NA,NA,,FALSE,FALSE,FALSE,FALSE
Q507788,1920,-85.58000183105469,44.34000015258789,Discovery/Science,physicist,D:_physicist_P:_physiker_German,physicist,1,26165,1920,NA,NA,NA,,FALSE,FALSE,FALSE,FALSE
Q18984381,1863,-72.11955261230469,44.10941696166992,Discovery/Science,botanist,D:_botanist_P:_botanist_author_botanist_English,botanist,1,50017,1860,NA,NA,NA,,FALSE,FALSE,FALSE,FALSE
Q714759,1842,-70.76074981689453,43.07572174072266,Discovery/Science,ornithologist,D:_ornithologist_zoologist_historian_academic_writer_P:_ army_surgeon_historian_English_médecin_militaire_historien_French_storico_ornitologo_Italian_chirurg_historiker_ornithologe_German_cirujan_ejércit_historiador_Spanish_cirurgiã_historiador_ornitólog_Portuguese,ornithologist,1,33015,1840,NA,NA,NA,http://www.wikidata.org/entity/Q432637,FALSE,FALSE,TRUE,FALSE
Q450290,1900,-94.06916809082031,42.26277923583984,Discovery/Science,mathematician,D:_mathematician_statistician_academic_P:_statistician_research_statistician_English_statisticien_French_statistica_Italian_statistiker_German_estadístic_investigador_tender_Spanish_estatístic_Portuguese,mathematician,1,19187,1900,NA,NA,NA,http://www.wikidata.org/entity/Q168756|http://www.wikidata.org/entity/Q1136919,FALSE,FALSE,TRUE,FALSE
Q11171398,1889,-73.41972351074219,41.09388732910156,Discovery/Science,physicist,D:_physicist_psychologist_P:_physicist_psychologist_psychic_English_psychologue_physiologiste_philosophe_French,physicist,1,09001,1880,NA,NA,NA,http://www.wikidata.org/entity/Q13371,FALSE,FALSE,TRUE,FALSE
Q16727842,1932,-74.211669921875,40.76610946655273,Discovery/Science,physicist,D:_physicist_P:_physicist_English_physiker_German,physicist,1,34013,1930,NA,NA,NA,http://www.wikidata.org/entity/Q49108|http://www.wikidata.org/entity/Q131252,FALSE,FALSE,TRUE,FALSE
Q15995315,1965,-83.22166442871094,42.47333145141602,Discovery/Science,physicist,D:_physicist_P:_physicist_mentalist_physics_English_physiker_German,physicist,1,26125,1960,NA,NA,NA,http://www.wikidata.org/entity/Q49108|http://www.wikidata.org/entity/Q1206658,FALSE,FALSE,TRUE,FALSE
Q15432822,1932,-72.101043701171875,41.35406875610352,Discovery/Science,chemist,D:_chemist_academic_P:_chemiker_German,chemist,1,09011,1930,NA,NA,NA,,FALSE,FALSE,FALSE,FALSE
Q2545465,1929,-117.1624984741211,32.71500015258789,Discovery/Science,biologist,D:_biologist_academic_P:_research_English_biologe_forscher_German,biologist,1,06073,1920,NA,NA,NA,,FALSE,FALSE,FALSE,FALSE
Q951253,1923,-74.163055419921875,40.91555404663086,Discovery/Science,mathematician,D:_mathematician_academic_P:_mathematician_mathematics_English_mathématicien_mathématiques_French_matematico_Italian_mathematiker_German_matemátic_Spanish_matemátic_Portuguese,mathematician,1,34031,1920,NA,NA,NA,http://www.wikidata.org/entity/Q49210|http://www.wikidata.org/entity/Q946028|http://www.wikidata.org/entity/Q14705485,FALSE,FALSE,TRUE,FALSE
Q45641,1877,-71.05777740478516,42.36027908325195,Discovery/Science,botanist,D:_botanist_academic_P:_bacteriologist_English_bactériologiste_French_bakteriologe_German_micólogo_botánic_bacteriólog_Spanish,botanist,1,25025,1870,http://www.wikidata.org/entity/Q15987519,http://www.wikidata.org/entity/Q49757,http://www.wikidata.org/entity/Q61890447,http://www.wikidata.org/entity/Q49108,TRUE,TRUE,TRUE,TRUE
Q2835026,1881,-76.89250183105469,43.18555450439453,Discovery/Science,ichthyologist,D:_ichthyologist_P:,ichthyologist,1,36117,1880,NA,NA,NA,,FALSE,FALSE,FALSE,FALSE
Q7422525,1920,-75.16361236572266,39.95277786254883,Discovery/Science,astronomer,D:_astronomer_P:_astronomer_professor_astronomy_English,astronomer,1,42101,1920,NA,NA,NA,,FALSE,FALSE,FALSE,FALSE
Q6312205,1932,-97.33611297607422,37.68888854980469,Discovery/Science,meteorologist,D:_meteorologist_P:_meteorology_English,meteorologist,1,20173,1930,NA,NA,NA,http://www.wikidata.org/entity/Q4614|http://www.wikidata.org/entity/Q174710|http://www.wikidata.org/entity/Q284508,FALSE,FALSE,TRUE,FALSE
Q5081347,1973,-75,43,Discovery/Science,academic,D:_academic_P:_professor_science_engineer_English,engineer,1,36043,1970,NA,NA,NA,http://www.wikidata.org/entity/Q161562|http://www.wikidata.org/entity/Q969850|http://www.wikidata.org/entity/Q3098911,FALSE,FALSE,TRUE,FALSE
Q43392,1939,-89.38416290283203,43.07472229003906,Discovery/Science,physicist,D:_physicist_academic_P:_physicist_science_English_physiker_German,physicist,1,55025,1930,NA,NA,NA,http://www.wikidata.org/entity/Q457281|http://www.wikidata.org/entity/Q838330,FALSE,FALSE,TRUE,FALSE
Q1605078,1917,-75,43,Discovery/Science,physicist,D:_physicist_academic_P:_physiker_professor_rock_German,physicist,1,36043,1910,NA,NA,NA,http://www.wikidata.org/entity/Q230492,FALSE,FALSE,TRUE,FALSE
Q6254047,1916,-74.43583679199219,40.62277603149414,Discovery/Science,physicist,D:_physicist_P:_physicist_discover_physics_English,physicist,1,34035,1910,NA,NA,NA,http://www.wikidata.org/entity/Q21578|http://www.wikidata.org/entity/Q499451,FALSE,FALSE,TRUE,FALSE
Q1586496,1901,-91.55110931396484,40.96694564819336,Discovery/Science,inventor,D:_inventor_engineer_P:_engineer_English_erfinder_German,inventor,1,19087,1900,NA,NA,NA,,FALSE,FALSE,FALSE,FALSE
Q19866052,1898,-77.03666687011719,38.89500045776367,Discovery/Science,demographer,D:_demographer_geneticist_P:_geneticist_demographer_editor_English,demographer,1,11001,1890,http://www.wikidata.org/entity/Q1548577,http://www.wikidata.org/entity/Q350979,http://www.wikidata.org/entity/Q15945038,,TRUE,TRUE,FALSE,TRUE
Q20675643,1961,-74.75611114501953,40.2216682434082,Discovery/Science,geneticist,D:_geneticist_P:_medical_geneticist_educator_English,geneticist,1,34021,1960,NA,NA,NA,http://www.wikidata.org/entity/Q4119659,FALSE,FALSE,TRUE,FALSE
Q18156599,1950,-83.04750061035156,42.3316650390625,Discovery/Science,oceanographer,D:_oceanographer_P:_physicist_marine_science_English,oceanographer,1,26163,1950,NA,NA,NA,http://www.wikidata.org/entity/Q270222|http://www.wikidata.org/entity/Q457281,FALSE,FALSE,TRUE,FALSE
Q1703323,1839,-74,40.70000076293945,Discovery/Science,geologist,D:_geologist_palaeontologist_P:_geologist_geology_English_geologo_Italian_geologe_German,geologist,1,36047,1830,NA,NA,NA,http://www.wikidata.org/entity/Q230492,FALSE,FALSE,TRUE,FALSE
Q4731831,1942,-73.99028015136719,40.69277954101563,Discovery/Science,mathematician,D:_mathematician_P:_mathematician_English,mathematician,1,36047,1940,NA,NA,NA,http://www.wikidata.org/entity/Q371625,FALSE,FALSE,TRUE,FALSE
Q1065359,1845,-71.05777740478516,42.36027908325195,Discovery/Science,chemist,D:_chemist_P:_chemist_English_chemiker_German,chemist,1,25025,1840,http://www.wikidata.org/entity/Q106836789,NA,NA,http://www.wikidata.org/entity/Q13371|http://www.wikidata.org/entity/Q49123,TRUE,FALSE,TRUE,FALSE
Q153201,1931,-87.78944396972656,41.88833236694336,Discovery/Science,physicist,D:_physicist_academic_P:_physicist_cooper_physics_English_physicien_physique_French_fisico_fisica_Italian_physiker_barde_German_físic_estudios_Spanish_físic_Portuguese_ fysik_fysiker_Swedish,physicist,1,17031,1930,NA,NA,NA,http://www.wikidata.org/entity/Q49108|http://www.wikidata.org/entity/Q457281|http://www.wikidata.org/entity/Q19865001,FALSE,FALSE,TRUE,FALSE
Q1332940,1867,-122.7008361816406,42.19138717651367,Discovery/Science,botanist,D:_botanist_P:_botanist_English_botaniker_kalif_thron_German_botánic_Spanish,botanist,1,41029,1860,NA,NA,NA,http://www.wikidata.org/entity/Q41506,FALSE,FALSE,TRUE,FALSE
Q6261670,1872,-74.18499755859375,40.73527908325195,Discovery/Science,engineer,D:_engineer_P:,engineer,1,34013,1870,NA,NA,NA,http://www.wikidata.org/entity/Q499451,FALSE,FALSE,TRUE,FALSE
Q10307827,1929,-89.643707275390625,39.80171966552734,Discovery/Science,chemist,D:_chemist_P:_chemist_discover_patent_English_chemiker_German_químic_Portuguese,chemist,1,17167,1920,NA,NA,NA,http://www.wikidata.org/entity/Q238101|http://www.wikidata.org/entity/Q457281,FALSE,FALSE,TRUE,FALSE
Q6210091,1975,-71.05777740478516,42.36027908325195,Discovery/Science,engineer,D:_engineer_P:_engineer_inventor_hacker_English,engineer,1,25025,1970,NA,NA,NA,,FALSE,FALSE,FALSE,FALSE
Q15303111,1944,-73.99028015136719,40.69277954101563,Discovery/Science,physicist,D:_physicist_research_P:_physiker_German_físic_física_Portuguese,physicist,1,36047,1940,NA,NA,NA,http://www.wikidata.org/entity/Q49115,FALSE,FALSE,TRUE,FALSE
Q16027658,1866,-83.160003662109375,40.59000015258789,Discovery/Science,botanist,D:_botanist_P:_botanist_professor_author_English_botaniste_professeur_French,botanist,1,39101,1860,NA,NA,NA,,FALSE,FALSE,FALSE,FALSE
Q510591,1894,-90.002777099609375,43.53388977050781,Discovery/Science,mathematician,D:_mathematician_academic_computer_scientist_P:_scientist_mathematician_science_English_scientifique_mathématicien_French_scienziato_matematico_ricerca_Italian_mathematiker_vater_German_biólog_padre_Spanish_matemátic_Portuguese_matematiker_forskning_Swedish,mathematician,1,55111,1890,NA,NA,NA,http://www.wikidata.org/entity/Q838330,FALSE,FALSE,TRUE,FALSE
Q28673850,1934,-95.30055236816406,32.35083389282227,Discovery/Science,pharmacologist,D:_pharmacologist_P:_pharmacologist_husband_medical_English,pharmacologist,1,48423,1930,NA,NA,NA,http://www.wikidata.org/entity/Q333886|http://www.wikidata.org/entity/Q1068752|http://www.wikidata.org/entity/Q2302319,FALSE,FALSE,TRUE,FALSE
Q708472,1922,-73.99028015136719,40.69277954101563,Discovery/Science,physicist,D:_physicist_P:_scientist_father_physics_English_physicien_French_fisico_fisica_Italian_physiker_erfindung_German_científic_físic_Spanish_físic_aposentad_Portuguese_ fysik_fysiker_biolog_Swedish,physicist,1,36047,1920,NA,NA,NA,http://www.wikidata.org/entity/Q49088|http://www.wikidata.org/entity/Q49115|http://www.wikidata.org/entity/Q6138769,FALSE,FALSE,TRUE,FALSE
Q27063173,1938,-85.26000213623047,39.09999847412109,Discovery/Science,physiologist,D:_physiologist_P:_professor_research_media_English,physiologist,1,18137,1930,NA,NA,NA,http://www.wikidata.org/entity/Q129421|http://www.wikidata.org/entity/Q217741,FALSE,FALSE,TRUE,FALSE
Q3565838,1942,-72.547454833984375,42.11241149902344,Discovery/Science,palaeontologist,D:_palaeontologist_P:_paléontologue_French,palaeontologist,1,25013,1940,NA,NA,NA,,FALSE,FALSE,FALSE,FALSE
Q22096397,1950,-90.19944763183594,38.62638854980469,Discovery/Science,scientist,D:_scientist_P:_regent_professor_engineer_English,scientist,1,29510,1950,NA,NA,NA,http://www.wikidata.org/entity/Q777403|http://www.wikidata.org/entity/Q4689042|http://www.wikidata.org/entity/Q5836034,FALSE,FALSE,TRUE,FALSE
Q18154693,1964,-74.472900390625,40.84109878540039,Discovery/Science,chemist,D:_chemist_P:_chemist_scientist_English,chemist,1,34027,1960,NA,NA,NA,http://www.wikidata.org/entity/Q838330|http://www.wikidata.org/entity/Q1145814,FALSE,FALSE,TRUE,FALSE
Q41791727,1927,-73.99028015136719,40.69277954101563,Discovery/Science,endocrinologist,D:_endocrinologist_paediatrician_academic_P:_endocrinologist_professor_pediatrics_English,endocrinologist,1,36047,1920,NA,NA,NA,http://www.wikidata.org/entity/Q371625|http://www.wikidata.org/entity/Q7972509|http://www.wikidata.org/entity/Q10749664,FALSE,FALSE,TRUE,FALSE
Q21389537,1887,-85.99420166015625,39.86280059814453,Discovery/Science,ichthyologist,D:_ichthyologist_P:_physiologist_married to_ichthyologist_English_gift med_Swedish,ichthyologist,1,18097,1880,NA,NA,NA,http://www.wikidata.org/entity/Q2526468,FALSE,FALSE,TRUE,FALSE
Q16866414,1937,-71.05777740478516,42.36027908325195,Discovery/Science,chemist,D:_chemist_P:_biochemist_chemist_professor_English_biochemiker_chemiker_forschung_German,chemist,1,25025,1930,NA,NA,NA,http://www.wikidata.org/entity/Q49119,FALSE,FALSE,TRUE,FALSE
Q16019203,1930,-102.0991668701172,32.00500106811523,Discovery/Science,physiologist,D:_physiologist_psychologist_P:_physiologist_English,physiologist,1,48329,1930,NA,NA,NA,http://www.wikidata.org/entity/Q49213,FALSE,FALSE,TRUE,FALSE
Q21604457,1917,-93.16419982910156,42.01580047607422,Discovery/Science,biochemist,D:_biochemist_P:_biochemist_chemist_medicine_English,biochemist,1,19127,1910,NA,NA,NA,http://www.wikidata.org/entity/Q149990|http://www.wikidata.org/entity/Q182973,FALSE,FALSE,TRUE,FALSE
Q14948661,1938,-74.05999755859375,40.70999908447266,Discovery/Science,biochemist,D:_biochemist_P:_biochemist_chemist_editor_English,biochemist,1,34003,1930,NA,NA,NA,http://www.wikidata.org/entity/Q21578|http://www.wikidata.org/entity/Q49121,FALSE,FALSE,TRUE,FALSE
Q15439468,1880,-87.22888946533203,39.76527786254883,Discovery/Science,physicist,D:_physicist_academic_P:_physiker_hochschullehrer_German,physicist,1,18121,1880,NA,NA,NA,,FALSE,FALSE,FALSE,FALSE
Q900586,1942,-87.27249908447266,38.04611206054688,Discovery/Science,biologist,D:_biologist_biochemist_academic_P:_biologist_medical_research_English_biologiste_études_French_biochemiker_chemiker_professor_German_biolog_forskning_rock_Swedish,biologist,1,18173,1940,NA,NA,NA,http://www.wikidata.org/entity/Q219563|http://www.wikidata.org/entity/Q1145814|http://www.wikidata.org/entity/Q7958639,FALSE,FALSE,TRUE,FALSE
Q15966752,1921,-90.15931701660156,41.86500549316406,Discovery/Science,physicist,D:_physicist_P:_physicist_scientist_English,physicist,1,17195,1920,NA,NA,NA,http://www.wikidata.org/entity/Q2698482|http://www.wikidata.org/entity/Q6914021,FALSE,FALSE,TRUE,FALSE
Q15996427,1873,-71.05777740478516,42.36027908325195,Discovery/Science,geologist,D:_geologist_academic_P:_geologist_instructor_science_English_geólog_primera mujer_mujer_Spanish,geologist,1,25025,1870,NA,NA,NA,http://www.wikidata.org/entity/Q49108,FALSE,FALSE,TRUE,FALSE
Q48494852,1936,-73.99028015136719,40.69277954101563,Discovery/Science,academic,D:_academic_computer_scientist_P:_mathematician_computer scientist_scientist_English,computer_scientist,1,36047,1930,NA,NA,NA,http://www.wikidata.org/entity/Q219563,FALSE,FALSE,TRUE,FALSE
Q4020139,1937,-90.03170013427734,32.61190032958984,Discovery/Science,mathematician,D:_mathematician_lawyer_P:_mathematician_English_matematico_ricerca_Italian_matemátic_Portuguese,mathematician,1,28089,1930,NA,NA,NA,http://www.wikidata.org/entity/Q761534|http://www.wikidata.org/entity/Q1193547|http://www.wikidata.org/entity/Q1806300,FALSE,FALSE,TRUE,FALSE
Q5077401,1957,-77.5,41,Discovery/Science,mathematician,D:_mathematician_academic_P:_professor_mathematics_professor_English_professeur_mathématiques_French_matemátic_professor_matemática_Portuguese,mathematician,1,42035,1950,NA,NA,NA,http://www.wikidata.org/entity/Q49108|http://www.wikidata.org/entity/Q49210|http://www.wikidata.org/entity/Q946028,FALSE,FALSE,TRUE,FALSE
Q299595,1890,-71.054168701171875,42.40833282470703,Discovery/Science,engineer,D:_computer_scientist_inventor_politician_academic_engineer_P:_engineer_inventor_science_English_ingénieur_French_ingegnere_Italian_ingenieur_vorläufer_läufer_German_ingenier_científic_político_Spanish_engenheir_inventor_polític_Portuguese,engineer,1,25017,1890,http://www.wikidata.org/entity/Q121063939,NA,http://www.wikidata.org/entity/Q121064978,http://www.wikidata.org/entity/Q13371|http://www.wikidata.org/entity/Q49108|http://www.wikidata.org/entity/Q49120|http://www.wikidata.org/entity/Q5090098|http://www.wikidata.org/entity/Q7851548,TRUE,TRUE,TRUE,FALSE
Q92822,1936,-74.2770004272461,40.83919906616211,Discovery/Science,computer_scientist,D:_computer_scientist_engineer_academic_P:_computer scientist_scientist_English_informatiker_German_científic_Spanish,computer_scientist,1,34013,1930,NA,NA,NA,http://www.wikidata.org/entity/Q21578|http://www.wikidata.org/entity/Q1041671,FALSE,FALSE,TRUE,FALSE
Q7325046,1916,-90.789398193359375,35.22750091552734,Discovery/Science,astronomer,D:_astronomer_P:_astronomer_photographer_star_English,astronomer,1,05037,1910,NA,NA,NA,,FALSE,FALSE,FALSE,FALSE
Q14358955,1897,-82.38555908203125,34.84444427490234,Discovery/Science,physicist,D:_physicist_academic_P:_physicist_English_physiker_German,physicist,1,45045,1890,NA,NA,NA,http://www.wikidata.org/entity/Q49088|http://www.wikidata.org/entity/Q193727|http://www.wikidata.org/entity/Q1475020,FALSE,FALSE,TRUE,FALSE
Q383976,1915,-90.93109893798828,41.66999816894531,Discovery/Science,mathematician,D:_mathematician_academic_P:_mathematician_professor_mathematics_English_mathématicien_French_mathematiker_German_matemátic_profesor_Spanish_matemátic_Portuguese,mathematician,1,19031,1910,NA,NA,NA,http://www.wikidata.org/entity/Q49213|http://www.wikidata.org/entity/Q174710,FALSE,FALSE,TRUE,FALSE
Q26251227,1960,-105.2927780151367,40.01944351196289,Discovery/Science,physicist,D:_physicist_P:_physicist_faculty_professor_English,physicist,1,08013,1960,NA,NA,NA,http://www.wikidata.org/entity/Q1136919,FALSE,FALSE,TRUE,FALSE
Q5112759,1960,-71.20972442626953,42.33694458007813,Discovery/Science,astronaut,D:_officer_astronaut_P:_ marine_colonel_medical_English_astronaute_groupe_French_astronaut_Swedish,astronaut,1,25017,1960,NA,NA,NA,http://www.wikidata.org/entity/Q49127|http://www.wikidata.org/entity/Q559549|http://www.wikidata.org/entity/Q3428253|http://www.wikidata.org/entity/Q14715400,FALSE,FALSE,TRUE,FALSE
Q15448763,1960,-98.579498291015625,39.82817459106445,Discovery/Science,geologist,D:_geologist_physicist_academic_P:_geologe_chemiker_hochschullehrer_German,geologist,1,20183,1960,NA,NA,NA,http://www.wikidata.org/entity/Q263064|http://www.wikidata.org/entity/Q4569677,FALSE,FALSE,TRUE,FALSE
Q4886322,1972,-74,40.70000076293945,Discovery/Science,astronomer,D:_astronomer_P:_astrophysicist_physicist_curator_English,astronomer,1,36047,1970,NA,NA,NA,http://www.wikidata.org/entity/Q49088|http://www.wikidata.org/entity/Q161562,FALSE,FALSE,TRUE,FALSE
Q25906247,1934,-74.65694427490234,40.35222244262695,Discovery/Science,geologist,D:_geologist_P:_mineraloge_German,geologist,1,34021,1930,NA,NA,NA,,FALSE,FALSE,FALSE,FALSE
Q5353160,1936,-105.9960021972656,38.53139877319336,Discovery/Science,palaeontologist,D:_palaeontologist_P:_paleontologist_English_paleontolog_paleontólog_Spanish,palaeontologist,1,08015,1930,NA,NA,NA,http://www.wikidata.org/entity/Q1206658,FALSE,FALSE,TRUE,FALSE
Q3038005,1951,-122.3320693969727,47.60620880126953,Discovery/Science,biologist,D:_biologist_P:_biologist_professor_research_English_biologiste_French_biochemiker_chemiker_forscher_German_biólog_professor_diretor_Portuguese,biologist,1,53033,1950,NA,NA,NA,http://www.wikidata.org/entity/Q13371|http://www.wikidata.org/entity/Q49108,FALSE,FALSE,TRUE,FALSE
Q339281,1902,-90.19944763183594,38.62638854980469,Discovery/Science,physicist,D:_physicist_academic_P:_physicist_oceanographer_administrator_English_physicien_océanographe_French_physiker_ozeanograph_German_físic_oceanograf_oceanógraf_Spanish,physicist,1,29510,1900,NA,NA,NA,http://www.wikidata.org/entity/Q21578|http://www.wikidata.org/entity/Q777403,FALSE,FALSE,TRUE,FALSE
Q15514491,1936,-80,40.44166564941406,Discovery/Science,engineer,D:_engineer_inventor_P:_engineer_inventor_research_English_ingenieur_German,engineer,1,42003,1930,NA,NA,NA,http://www.wikidata.org/entity/Q217741,FALSE,FALSE,TRUE,FALSE
Q49902,1843,-73.95439910888672,41.41889953613281,Discovery/Science,engineer,D:_engineer_P:_husband_engineer_construction_English_mari_ingénieur_construction_French_militare_ingegnere_Italian_ingenier_jefe_marido_Spanish_ son_tryck_Swedish,engineer,1,36079,1840,http://www.wikidata.org/entity/Q128450670,NA,NA,http://www.wikidata.org/entity/Q49210|http://www.wikidata.org/entity/Q5547064,TRUE,FALSE,TRUE,FALSE
Q5607114,1948,-77.03666687011719,38.89500045776367,Discovery/Science,biochemist,D:_biochemist_P:_biochemist_chemist_science_English_biochemiker_chemiker_neurowissenschaftler_German,biochemist,1,11001,1940,NA,NA,NA,http://www.wikidata.org/entity/Q21578|http://www.wikidata.org/entity/Q82513,FALSE,FALSE,TRUE,FALSE
Q1385486,1938,-87.6500473022461,41.85002899169922,Discovery/Science,mathematician,D:_mathematician_academic_P:_professor_mathematics_invented_English_mathématicien_professeur_mathématiques_French_mathematiker_German_matemátic_Portuguese,mathematician,1,17031,1930,NA,NA,NA,http://www.wikidata.org/entity/Q131252,FALSE,FALSE,TRUE,FALSE
Q4793803,1915,-96.6080551147461,47.77416610717773,Discovery/Science,ecologist,D:_ecologist_obstetrician_physician_P:_obstetrician_gynecologist_ecologist_English,ecologist,1,27119,1910,NA,NA,NA,http://www.wikidata.org/entity/Q238101|http://www.wikidata.org/entity/Q1041671,FALSE,FALSE,TRUE,FALSE
Q25209610,1844,-83.37110900878906,42.4011116027832,Discovery/Science,engineer,D:_engineer_P:_engineer_noble_engineer_English_ingenieur_bau_entwurf_German,engineer,1,26163,1840,NA,NA,NA,http://www.wikidata.org/entity/Q230492,FALSE,FALSE,TRUE,FALSE
Q15842834,1944,-75.16361236572266,39.95277786254883,Discovery/Science,mathematician,D:_mathematician_academic_P:_mathematiker_German_matemátic_Portuguese,mathematician,1,42101,1940,NA,NA,NA,http://www.wikidata.org/entity/Q13371|http://www.wikidata.org/entity/Q131252,FALSE,FALSE,TRUE,FALSE
Q92964,1978,-111.7891693115234,34.86000061035156,Discovery/Science,engineer,D:_engineer_programmer_computer_scientist_blogger_P:_programmer_media_player_English_programmeur_auteur_French_entwickler_erfinder_German_programador_estudios_Spanish_programmerare_Swedish,engineer,1,04025,1970,NA,NA,NA,http://www.wikidata.org/entity/Q168515,FALSE,FALSE,TRUE,FALSE
Q3666331,1902,-117.3986129760742,34.05944061279297,Discovery/Science,mineralogist,D:_mineralogist_P:_mineralogista_logista_Italian,mineralogist,1,06071,1900,NA,NA,NA,http://www.wikidata.org/entity/Q7227384,FALSE,FALSE,TRUE,FALSE
Q3002048,1954,-74,40.70000076293945,Discovery/Science,biologist,D:_biologist_P:_biologiste_marin_expédition_French,biologist,1,36047,1950,NA,NA,NA,http://www.wikidata.org/entity/Q604029,FALSE,FALSE,TRUE,FALSE
Q1507255,1899,-71.80000305175781,42.29999923706055,Discovery/Science,engineer,D:_audio_engineer_P:_engineer_English_ film_film_techniker_German,engineer,1,25027,1890,NA,NA,NA,,FALSE,FALSE,FALSE,FALSE
Q241155,1947,-104.9847259521484,39.73916625976563,Discovery/Science,zoologist,D:_zoologist_academic_biologist_ecologist_P:_scientist_marine_ecologist_English_scientifique_biologiste_marine_French_biolog_biología_biólog_Spanish,zoologist,1,08031,1940,NA,NA,NA,http://www.wikidata.org/entity/Q13371|http://www.wikidata.org/entity/Q219563|http://www.wikidata.org/entity/Q1111261,FALSE,FALSE,TRUE,FALSE
Q383883,1903,-98.7249984741211,31.19529914855957,Discovery/Science,physicist,D:_physicist_academic_P:_geologist_physicist_research_English_physicien_physique_politique_French_fisico_ricerca_autore_Italian_geologe_physiker_forschung_German_físic_geolog_política_Spanish_geolog_fysiker_professor_Swedish,physicist,1,48411,1900,NA,NA,NA,http://www.wikidata.org/entity/Q131252,FALSE,FALSE,TRUE,FALSE
Q176351,1910,-89.69548034667969,41.79961395263672,Discovery/Science,chemist,D:_chemist_engineer_physicist_academic_biographer_academic_P:_chemist_English_chimiste_scientifique_physique_French_chimico_fisica_Italian_chemiker_German_químic_profesor_estudios_Spanish_químic_Portuguese_kemist_vetenskap_forskning_Swedish,chemist,1,17195,1910,NA,NA,NA,http://www.wikidata.org/entity/Q309331|http://www.wikidata.org/entity/Q5360031|http://www.wikidata.org/entity/Q6747552,FALSE,FALSE,TRUE,FALSE
Q16658090,1867,-73.22916412353516,42.12277603149414,Discovery/Science,chemist,D:_chemist_P:_chemist_professor_mineralogist_English_chimico_Italian_chemiker_professor_mineraloge_German,chemist,1,25003,1860,NA,NA,NA,http://www.wikidata.org/entity/Q49115|http://www.wikidata.org/entity/Q5196182,FALSE,FALSE,TRUE,FALSE
Q3499190,1940,-71.538055419921875,43.2066650390625,Discovery/Science,mathematician,D:_mathematician_political_scientist_P:_ game_theorist_political_English_théoricien_politique_scientifique_French_politik_wissenschaftler_wahlen_German,mathematician,1,33013,1940,NA,NA,NA,http://www.wikidata.org/entity/Q49108|http://www.wikidata.org/entity/Q309350,FALSE,FALSE,TRUE,FALSE
Q6969481,1914,-84.9080581665039,43.67583465576172,Discovery/Science,physicist,D:_physicist_P:_engineer_English_engenheir_Portuguese,physicist,1,26073,1910,NA,NA,NA,http://www.wikidata.org/entity/Q230492|http://www.wikidata.org/entity/Q250205,FALSE,FALSE,TRUE,FALSE
Q45367514,1962,-118.2436828613281,34.05223083496094,Discovery/Science,chemist,D:_chemist_P:_biochemiker_chemiker_pharmakologe_German,chemist,1,06037,1960,NA,NA,NA,http://www.wikidata.org/entity/Q13371|http://www.wikidata.org/entity/Q49108,FALSE,FALSE,TRUE,FALSE
Q6176328,1990,-74.040557861328125,41.04888916015625,Discovery/Science,chemist,D:_chemist_P:_science_educator_dance_English,chemist,1,34003,1990,NA,NA,NA,http://www.wikidata.org/entity/Q14705839,FALSE,FALSE,TRUE,FALSE
Q15995062,1896,-85.481109619140625,43.69889068603516,Discovery/Science,scientist,D:_scientist_P:_engineer_English,scientist,1,26107,1890,NA,NA,NA,,FALSE,FALSE,FALSE,FALSE
Q20752689,1902,-86.87860107421875,40.41719818115234,Discovery/Science,mammalogist,D:_mammalogist_P:_zoologe_mammaloge_paläontologe_German,mammalogist,1,18157,1900,NA,NA,NA,,FALSE,FALSE,FALSE,FALSE
Q56395096,1950,-78.868896484375,38.44940185546875,Discovery/Science,chemist,D:_chemist_P:_chemiker_German,chemist,1,51660,1950,NA,NA,NA,,FALSE,FALSE,FALSE,FALSE
Q58303171,1936,-111.8833312988281,40.75,Discovery/Science,geologist,D:_geologist_P:_geologist_professor_chemist_English,geologist,1,49035,1930,NA,NA,NA,http://www.wikidata.org/entity/Q168515,FALSE,FALSE,TRUE,FALSE
Q3435305,1926,-78.84944152832031,42.90472412109375,Discovery/Science,physicist,D:_physicist_P:_physicist_photographic_patent_English_physicien_photo_French_physiker_erfinder_German_físic_Portuguese,physicist,1,36029,1920,NA,NA,NA,http://www.wikidata.org/entity/Q681025,FALSE,FALSE,TRUE,FALSE
Q30123075,1943,-95.937225341796875,36.13138961791992,Discovery/Science,engineer,D:_engineer_P:,engineer,1,40143,1940,NA,NA,NA,http://www.wikidata.org/entity/Q178848,FALSE,FALSE,TRUE,FALSE
Q6145740,1928,-88.01583099365234,44.51333236694336,Discovery/Science,chemist,D:_chemist_P:_scientist_research_teaching_English_profesor_investigador_autor_Spanish,chemist,1,55009,1920,NA,NA,NA,http://www.wikidata.org/entity/Q270222|http://www.wikidata.org/entity/Q659706,FALSE,FALSE,TRUE,FALSE
Q563196,1895,-73.42610931396484,40.86805725097656,Discovery/Science,aeronautical,D:_officer_aerospace_inventor_entrepreneur_P:_aeronautical_engineer_test pilot_English_ingénieur_aéronautique_industriel_French,aeronautical,1,36103,1890,NA,NA,NA,http://www.wikidata.org/entity/Q49115|http://www.wikidata.org/entity/Q5171564|http://www.wikidata.org/entity/Q14706476,FALSE,FALSE,TRUE,FALSE
Q20684373,1984,-110,47,Discovery/Science,engineer,D:_engineer_P:_entrepreneur_engineer_creative_English,engineer,1,30045,1980,NA,NA,NA,,FALSE,FALSE,FALSE,FALSE
Q5128744,1903,-105.0166473388672,39.61331939697266,Discovery/Science,engineer,D:_engineer_P:_racecar_English,engineer,1,08005,1900,NA,NA,NA,,FALSE,FALSE,FALSE,FALSE
Q556476,1961,-120,37,Discovery/Science,neuroscientist,D:_neuroscientist_academic_P:_professor_science_author_English_neuroscienziato_scienziato_Italian_biologe_professor_German_profesor_ciencia_medicina_Spanish,neuroscientist,1,06039,1960,NA,NA,NA,http://www.wikidata.org/entity/Q168756|http://www.wikidata.org/entity/Q309350,FALSE,FALSE,TRUE,FALSE
Q5696706,1905,-94.69969940185547,37.41030120849609,Discovery/Science,engineer,D:_engineer_P:_racecar_mechanic_English,engineer,1,20037,1900,NA,NA,NA,,FALSE,FALSE,FALSE,FALSE
Q431112,1875,-98,38.5,Discovery/Science,meteorologist,D:_meteorologist_P:_meteorologe_German,meteorologist,1,20159,1870,NA,NA,NA,,FALSE,FALSE,FALSE,FALSE
Q20031315,1865,-71.06666564941406,42.45833206176758,Discovery/Science,biochemist,D:_biochemist_P:_biochemist_chemist_research_English,biochemist,1,25017,1860,NA,NA,NA,http://www.wikidata.org/entity/Q49108|http://www.wikidata.org/entity/Q49204|http://www.wikidata.org/entity/Q131252|http://www.wikidata.org/entity/Q4947956,FALSE,FALSE,TRUE,FALSE
Q1708091,1834,-70.89850616455078,42.516845703125,Discovery/Science,inventor,D:_inventor_P:_abolitionist_manufacturer_inventor_English_fabrikant_erfinder_German,inventor,1,25009,1830,NA,NA,NA,,FALSE,FALSE,FALSE,FALSE
Q8019085,1932,-73.80770111083984,40.68980026245117,Discovery/Science,physicist,D:_physicist_officer_P:_physicist_patent_crystallography_English,physicist,1,36081,1930,NA,NA,NA,http://www.wikidata.org/entity/Q52413|http://www.wikidata.org/entity/Q579968|http://www.wikidata.org/entity/Q736674|http://www.wikidata.org/entity/Q1206658,FALSE,FALSE,TRUE,FALSE
Q1494839,1929,-74,40.70000076293945,Discovery/Science,geneticist,D:_geneticist_biologist_P:_biologe_German,geneticist,1,36047,1920,NA,NA,NA,http://www.wikidata.org/entity/Q13371|http://www.wikidata.org/entity/Q161562,FALSE,FALSE,TRUE,FALSE
Q1169890,1942,-71.05777740478516,42.36027908325195,Discovery/Science,mathematician,D:_mathematician_academic_P:_mathematician_English_mathematiker_German_matemátic_Portuguese,mathematician,1,25025,1940,NA,NA,NA,http://www.wikidata.org/entity/Q13371|http://www.wikidata.org/entity/Q49108,FALSE,FALSE,TRUE,FALSE
Q15430583,1903,-73.9941635131836,40.72833251953125,Discovery/Science,zoologist,D:_zoologist_lepidopterist_P:_entomologist_English_entomologe_autor_German,zoologist,1,36061,1900,NA,NA,NA,,FALSE,FALSE,FALSE,FALSE
Q20656727,1906,-87.92805480957031,41.80055618286133,Discovery/Science,inventor,D:_inventor_P:_inventor_industrial_militar_English,inventor,1,17043,1900,NA,NA,NA,,FALSE,FALSE,FALSE,FALSE
Q3047480,1871,-82.02220153808594,40.68360137939453,Discovery/Science,mathematician,D:_mathematician_academic_P:_educator_education_administrator_English_mathématicien_prince_French_mathematiker_German_matemátic_Portuguese,mathematician,1,39169,1870,NA,NA,NA,http://www.wikidata.org/entity/Q154804|http://www.wikidata.org/entity/Q213439|http://www.wikidata.org/entity/Q4897734,FALSE,FALSE,TRUE,FALSE
Q29130430,1973,-74,40.70000076293945,Discovery/Science,astronomer,D:_astronomer_P:_astronome_French_astronomo_Italian,astronomer,1,36047,1970,NA,NA,NA,http://www.wikidata.org/entity/Q161562,FALSE,FALSE,TRUE,FALSE
Q614235,1934,-74,40.70000076293945,Discovery/Science,botanist,D:_botanist_P:_botánic_bob_Spanish,botanist,1,36047,1930,NA,NA,NA,,FALSE,FALSE,FALSE,FALSE
Q5727135,1872,-89.50640106201172,41.29169845581055,Discovery/Science,botanist,D:_botanist_P:_botanist_English_botánica_biólog_biolog_Spanish,botanist,1,17011,1870,NA,NA,NA,,FALSE,FALSE,FALSE,FALSE
Q6254986,1855,-70.71283721923828,44.05479049682617,Discovery/Science,engineer,D:_engineer_engineer_P:_engineer_mechanic_English_engenheir_Portuguese,engineer,1,23005,1850,NA,NA,NA,http://www.wikidata.org/entity/Q49108,FALSE,FALSE,TRUE,FALSE
Q20088669,1919,-122.2680587768555,37.87027740478516,Discovery/Science,engineer,D:_engineer_P:_ingenieur_hochschullehrer_German,engineer,1,06001,1910,NA,NA,NA,,FALSE,FALSE,FALSE,FALSE
Q6246005,1800,-75.15149688720703,39.83789825439453,Discovery/Science,engineer,D:_engineer_P:_business_philanthropist_missionary_English,engineer,1,34015,1800,http://www.wikidata.org/entity/Q108688430,NA,NA,,TRUE,FALSE,FALSE,FALSE
Q20675574,1918,-95.1093978881836,37.16780090332031,Discovery/Science,chemist,D:_chemist_P:_innovation_English,chemist,1,20099,1910,NA,NA,NA,http://www.wikidata.org/entity/Q238101,FALSE,FALSE,TRUE,FALSE
Q2301314,1944,-83.04750061035156,42.3316650390625,Discovery/Science,epidemiologist,D:_epidemiologist_physician_academic_P:_epidemiologist_philanthropist_author_English,epidemiologist,1,26163,1940,NA,NA,NA,http://www.wikidata.org/entity/Q230492|http://www.wikidata.org/entity/Q267322|http://www.wikidata.org/entity/Q349055|http://www.wikidata.org/entity/Q7895778,FALSE,FALSE,TRUE,FALSE
Q56577214,1954,-94.86000061035156,29.3799991607666,Discovery/Science,geologe,D:_P:_geologe_professor_German,geologe,1,48167,1950,NA,NA,NA,http://www.wikidata.org/entity/Q230492|http://www.wikidata.org/entity/Q1193547,FALSE,FALSE,TRUE,FALSE
Q6390148,1918,-74.27527618408203,40.51944351196289,Discovery/Science,physicist,D:_physicist_astrophysicist_astronomer_academic_P:_physicist_physics_English_physicien_physique_French_physiker_German,physicist,1,34023,1910,NA,NA,NA,http://www.wikidata.org/entity/Q49115,FALSE,FALSE,TRUE,FALSE
Q5568666,1906,-87.6500473022461,41.85002899169922,Discovery/Science,inventor,D:_physiologist_P:_inventor_mountaineer_invented_English,inventor,1,17031,1900,http://www.wikidata.org/entity/Q130975,http://www.wikidata.org/entity/Q169470,http://www.wikidata.org/entity/Q108674353,http://www.wikidata.org/entity/Q13371|http://www.wikidata.org/entity/Q332342,TRUE,TRUE,TRUE,TRUE
Q2596168,1828,-73.93055725097656,41.70527648925781,Discovery/Science,botanist,D:_explorer_botanist_P:_botanist_scientific_English_chimiste_géologue_botaniste_French_químic_botánic_geólog_Spanish_químic_geólog_botânico_Portuguese,botanist,1,36027,1820,NA,NA,NA,http://www.wikidata.org/entity/Q49112|http://www.wikidata.org/entity/Q151510|http://www.wikidata.org/entity/Q8047425,FALSE,FALSE,TRUE,FALSE
Q2642732,1874,-93.2691650390625,44.9819450378418,Discovery/Science,geologist,D:_geologist_mineralogist_academic_P:_geologo_mineralogista_logista_Italian_geologe_mineraloge_sohn_German,geologist,1,27053,1870,NA,NA,NA,,FALSE,FALSE,FALSE,FALSE
Q545097,1923,-119.3899993896484,36.54499816894531,Discovery/Science,physicist,D:_physicist_academic_P:_physicist_English_physicien_French_fisico_fisica_Italian_physiker_German_físic_teóric_Spanish_físic_teórico_Portuguese,physicist,1,06107,1920,NA,NA,NA,http://www.wikidata.org/entity/Q13371,FALSE,FALSE,TRUE,FALSE
Q4854156,1873,-122.416389465332,37.77750015258789,Discovery/Science,engineer,D:_engineer_P:_engineer_author_radio_English_engenheir_elétric_autor_Portuguese,engineer,1,06075,1870,http://www.wikidata.org/entity/Q4854154,http://www.wikidata.org/entity/Q189290,NA,http://www.wikidata.org/entity/Q49115|http://www.wikidata.org/entity/Q75478|http://www.wikidata.org/entity/Q5171564,TRUE,FALSE,TRUE,TRUE
Q7382967,1903,-83.00055694580078,39.96222305297852,Discovery/Science,biologist,D:_biologist_bacteriologist_P:_bacteriologist_science_professor_English,biologist,1,39049,1900,NA,NA,NA,http://www.wikidata.org/entity/Q309331,FALSE,FALSE,TRUE,FALSE
Q3508615,1981,-81.63166809082031,28.13333320617676,Discovery/Science,programmer,D:_programmer_writer_engineer_developer_author_P:_author_engineer_developer_English,programmer,1,12105,1980,NA,NA,NA,http://www.wikidata.org/entity/Q501758|http://www.wikidata.org/entity/Q5083193,FALSE,FALSE,TRUE,FALSE
Q390344,1936,-78.84944152832031,42.90472412109375,Discovery/Science,astronaut,D:_astronaut_engineer_physicist_P:_astronaut_engineer_physicist_English_astronaute_French_astronauta_ingegnere_Italian_astronaut_German_astronauta_Portuguese_astronaut_Swedish,astronaut,1,36029,1930,NA,NA,NA,http://www.wikidata.org/entity/Q149990|http://www.wikidata.org/entity/Q161562|http://www.wikidata.org/entity/Q6389475,FALSE,FALSE,TRUE,FALSE
Q6281226,1940,-87.81060028076172,42.21250152587891,Discovery/Science,chemist,D:_chemist_P:_educator_chemist_faculty_English,chemist,1,17097,1940,NA,NA,NA,http://www.wikidata.org/entity/Q49112|http://www.wikidata.org/entity/Q161562,FALSE,FALSE,TRUE,FALSE
Q5162568,1921,-83.93699645996094,36.27899932861328,Discovery/Science,physicist,D:_physicist_scientist_P:_physicist_discover_English,physicist,1,47173,1920,NA,NA,NA,http://www.wikidata.org/entity/Q149990,FALSE,FALSE,TRUE,FALSE
Q30027080,1954,-81.38666534423828,28.53361129760742,Discovery/Science,inventor,D:_inventor_P:_engineer_inventor_English_inventrice_Italian,inventor,1,12095,1950,NA,NA,NA,http://www.wikidata.org/entity/Q49211,FALSE,FALSE,TRUE,FALSE
Q17183262,1978,-87.6500473022461,41.85002899169922,Discovery/Science,physicist,D:_physicist_physicist_research_P:_physicist_physics_research_English_physiker_German,physicist,1,17031,1970,NA,NA,NA,http://www.wikidata.org/entity/Q131252,FALSE,FALSE,TRUE,FALSE
Q6778832,1921,-80,40.44166564941406,Discovery/Science,toxicologist,D:_toxicologist_P:_toxicologist_research_toxicologist_English_toxicología_investigador_revés_Spanish_toxicologista_modelo_modelo_Portuguese,toxicologist,1,42003,1920,NA,NA,NA,http://www.wikidata.org/entity/Q49115|http://www.wikidata.org/entity/Q235034,FALSE,FALSE,TRUE,FALSE
Q8003999,1938,-97.53520202636719,35.4822998046875,Discovery/Science,computer_scientist,D:_computer_scientist_engineer_P:_computer scientist_scientist_English,computer_scientist,1,40109,1930,NA,NA,NA,http://www.wikidata.org/entity/Q49108|http://www.wikidata.org/entity/Q7059993,FALSE,FALSE,TRUE,FALSE
Q21005493,1948,-118.3486099243164,33.91721343994141,Discovery/Science,epidemiologist,D:_epidemiologist_P:_academic_medicine_professor_English,epidemiologist,1,06037,1940,NA,NA,NA,http://www.wikidata.org/entity/Q50015|http://www.wikidata.org/entity/Q12236173|http://www.wikidata.org/entity/Q16992313,FALSE,FALSE,TRUE,FALSE
Q16105838,1942,-81.2427749633789,35.47416687011719,Discovery/Science,chemist,D:_chemist_P:_chemist_quantum_professor_English,chemist,1,37109,1940,NA,NA,NA,http://www.wikidata.org/entity/Q168756|http://www.wikidata.org/entity/Q1939211,FALSE,FALSE,TRUE,FALSE
Q5735153,1870,-84.89055633544922,39.83027648925781,Discovery/Science,chemist,D:_chemist_academic_P:_chemist_English_chemiker_German,chemist,1,18177,1870,NA,NA,NA,http://www.wikidata.org/entity/Q131252|http://www.wikidata.org/entity/Q217741,FALSE,FALSE,TRUE,FALSE
Q3810237,1823,-81.45999908447266,31.79999923706055,Discovery/Science,geologist,D:_geologist_academic_P:_physician_geologist_professor_English_médecin_physicien_géologue_French_geologo_Italian_geologe_naturforscher_forscher_German_geolog_Swedish,geologist,1,13179,1820,http://www.wikidata.org/entity/Q108544624,NA,NA,http://www.wikidata.org/entity/Q13371|http://www.wikidata.org/entity/Q761534,TRUE,FALSE,TRUE,FALSE
Q6707906,1922,-122.3320693969727,47.60620880126953,Discovery/Science,engineer,D:_audio_P:_engineer_film_engineer_English,engineer,1,53033,1920,NA,NA,NA,,FALSE,FALSE,FALSE,FALSE
Q6184447,1953,-74,40.70000076293945,Discovery/Science,gemologist,D:_gemologist_P:_gemologist_television_executive_English,gemologist,1,36047,1950,NA,NA,NA,http://www.wikidata.org/entity/Q1150105,FALSE,FALSE,TRUE,FALSE
Q1265827,1888,-70.975555419921875,41.99027633666992,Discovery/Science,mathematician,D:_mathematician_academic_P:_mathematician_English_mathematiker_German_matemátic_Spanish_matemátic_Portuguese,mathematician,1,25023,1880,NA,NA,NA,http://www.wikidata.org/entity/Q13371|http://www.wikidata.org/entity/Q152838,FALSE,FALSE,TRUE,FALSE
Q2157051,1875,-90.19944763183594,38.62638854980469,Discovery/Science,entomologist,D:_entomologist_zoologist_P:_entomologist_artist_anatomy_English_entomologiste_artiste_artiste_French_entomologe_künstler_anatomie_German,entomologist,1,29510,1870,NA,NA,NA,http://www.wikidata.org/entity/Q41506,FALSE,FALSE,TRUE,FALSE
Q7181776,1953,-111.5,39.5,Discovery/Science,scientist,D:_scientist_P:_geologist_research_regent_English,scientist,1,49039,1950,NA,NA,NA,http://www.wikidata.org/entity/Q174710,FALSE,FALSE,TRUE,FALSE
Q6681683,1932,-122.416389465332,37.77750015258789,Discovery/Science,inventor,D:_inventor_P:_feminist_invented_English,inventor,1,06075,1930,NA,NA,NA,http://www.wikidata.org/entity/Q1026932|http://www.wikidata.org/entity/Q1727138,FALSE,FALSE,TRUE,FALSE
Q1315984,1919,-89.06999969482422,42.66999816894531,Discovery/Science,astronomer,D:_astronomer_P:_astronomer_English_astronome_French_astronomo_Italian_astronom_German_astrónomo_Spanish,astronomer,1,55105,1910,NA,NA,NA,http://www.wikidata.org/entity/Q838330,FALSE,FALSE,TRUE,FALSE
Q7807020,1957,-71.05777740478516,42.36027908325195,Discovery/Science,hydrologist,D:_hydrologist_statistician_P:_hydrologist_science_advisor_English,hydrologist,1,25025,1950,NA,NA,http://www.wikidata.org/entity/Q42313488,http://www.wikidata.org/entity/Q49115|http://www.wikidata.org/entity/Q1378320|http://www.wikidata.org/entity/Q5171564,FALSE,TRUE,TRUE,FALSE
Q897961,1941,-74.4161148071289,40.61527633666992,Discovery/Science,physicist,D:_physicist_academic_physicist_P:_research_professor_mathematics_English_professor_physik_mathematik_German,physicist,1,34039,1940,NA,NA,NA,http://www.wikidata.org/entity/Q49088|http://www.wikidata.org/entity/Q503415|http://www.wikidata.org/entity/Q1784954,FALSE,FALSE,TRUE,FALSE
Q4706660,1944,-83.8917007446289,40.89390182495117,Discovery/Science,chemist,D:_chemist_P:_chemist_scientific_invented_English_chemiker_erfinder_German,chemist,1,39003,1940,NA,NA,NA,http://www.wikidata.org/entity/Q41506|http://www.wikidata.org/entity/Q309350,FALSE,FALSE,TRUE,FALSE
